INFO:     Started server process [30520]
INFO:     Waiting for application startup.
INFO:     Application startup complete.
INFO:     Uvicorn running on http://0.0.0.0:8000 (Press CTRL+C to quit)
[DEBUG] UPLOAD ENDPOINT HIT - file=Aegis_One_Company_Template_Filled.xlsx
[DEBUG] process_assessment_upload: validated, bytes=18889
[DEBUG] process_assessment_upload: calling parse_all_sheets...
[DEBUG] parse_all_sheets returned 13 sheets:
[DEBUG]   sheet='High-Risk' type=high_risk rows=5 classification=by_name
[DEBUG]   sheet='Instructions' type=unknown rows=6 classification=unknown
[DEBUG]   sheet='Organization Profile' type=organization_profile rows=1 classification=by_name
[DEBUG]   sheet='Asset Inventory' type=assets rows=6 classification=by_name
[DEBUG]   sheet='Employees' type=employees rows=5 classification=by_name
[DEBUG]   sheet='Policies' type=controls rows=4 classification=by_headers
[DEBUG]   sheet='Controls' type=controls rows=4 classification=by_name
[DEBUG]   sheet='Applications Systems Inventory' type=applications rows=4 classification=by_name
[DEBUG]   sheet='Vendor-Managed Services Inventory' type=vendors rows=4 classification=by_name
[DEBUG]   sheet='Inbound and Outbound Rules' type=network_rules rows=5 classification=by_name
[DEBUG]   sheet='Risk Heatmap' type=risk_register rows=5 classification=by_name
[DEBUG]   sheet='Governance Activity' type=governance rows=4 classification=by_name
[DEBUG]   sheet='Configurations' type=controls rows=4 classification=by_headers
INFO:     127.0.0.1:51588 - "POST /upload/assessment HTTP/1.1" 200 OK
[DEBUG] UPLOAD ENDPOINT HIT - file=Aegis_One_Company_Template_Filled.xlsx
[DEBUG] process_assessment_upload: validated, bytes=18889
[DEBUG] process_assessment_upload: calling parse_all_sheets...
[DEBUG] parse_all_sheets returned 13 sheets:
[DEBUG]   sheet='High-Risk' type=high_risk rows=5 classification=by_name
[DEBUG]   sheet='Instructions' type=unknown rows=6 classification=unknown
[DEBUG]   sheet='Organization Profile' type=organization_profile rows=1 classification=by_name
[DEBUG]   sheet='Asset Inventory' type=assets rows=6 classification=by_name
[DEBUG]   sheet='Employees' type=employees rows=5 classification=by_name
[DEBUG]   sheet='Policies' type=controls rows=4 classification=by_headers
[DEBUG]   sheet='Controls' type=controls rows=4 classification=by_name
[DEBUG]   sheet='Applications Systems Inventory' type=applications rows=4 classification=by_name
[DEBUG]   sheet='Vendor-Managed Services Inventory' type=vendors rows=4 classification=by_name
[DEBUG]   sheet='Inbound and Outbound Rules' type=network_rules rows=5 classification=by_name
[DEBUG]   sheet='Risk Heatmap' type=risk_register rows=5 classification=by_name
[DEBUG]   sheet='Governance Activity' type=governance rows=4 classification=by_name
[DEBUG]   sheet='Configurations' type=controls rows=4 classification=by_headers
INFO:     127.0.0.1:37709 - "POST /upload/assessment HTTP/1.1" 200 OK
[DEBUG] UPLOAD ENDPOINT HIT - file=Aegis_One_Company_Template_Filled.xlsx
[DEBUG] process_assessment_upload: validated, bytes=16562
[DEBUG] process_assessment_upload: calling parse_all_sheets...
[DEBUG] parse_all_sheets returned 12 sheets:
[DEBUG]   sheet='Instructions' type=unknown rows=6 classification=unknown
[DEBUG]   sheet='Organization Profile' type=organization_profile rows=1 classification=by_name
[DEBUG]   sheet='Asset Inventory' type=assets rows=6 classification=by_name
[DEBUG]   sheet='Employees' type=employees rows=5 classification=by_name
[DEBUG]   sheet='Policies' type=controls rows=4 classification=by_headers
[DEBUG]   sheet='Controls' type=controls rows=4 classification=by_name
[DEBUG]   sheet='Applications Systems Inventory' type=applications rows=4 classification=by_name
[DEBUG]   sheet='Vendor-Managed Services Inventory' type=vendors rows=4 classification=by_name
[DEBUG]   sheet='Inbound and Outbound Rules' type=network_rules rows=5 classification=by_name
[DEBUG]   sheet='Risk Heatmap' type=risk_register rows=5 classification=by_name
[DEBUG]   sheet='Governance Activity' type=governance rows=4 classification=by_name
[DEBUG]   sheet='Configurations' type=controls rows=4 classification=by_headers
INFO:     127.0.0.1:25069 - "POST /upload/assessment HTTP/1.1" 200 OK
INFO:     127.0.0.1:61571 - "GET /news HTTP/1.1" 200 OK
on_profile', 'risk_register', 'vendors']
2026-04-27 02:45:17,718 [RUNTIME PROOF]   relevant_controls: 63
2026-04-27 02:45:17,718 [RUNTIME PROOF]   uploaded_controls: 4
2026-04-27 02:45:17,718 ======================================================================
2026-04-27 02:45:17,718 [RUNTIME PROOF] >>> ENTERING RULE ENGINE PATH
2026-04-27 02:45:17,718 [RUNTIME PROOF]   framework_id     : iso27001
2026-04-27 02:45:17,718 ======================================================================
2026-04-27 02:45:17,718 RULE_ENGINE_ACTIVE: iso27001
2026-04-27 02:45:17,718 SIGNALS: {'has_access_levels': True, 'has_applications': True, 'has_asset_classifications': True, 'has_asset_inventory': True, 'has_asset_locations': True, 'has_asset_owners': True, 'has_deny_rules': True, 'has_employee_records': True, 'has_governance_activities': True, 'has_high_risk_vendors': True, 'has_network_rules': True, 'has_risk_register': True, 'has_risk_treatments': True, 'has_some_training': True, 'has_vendor_compliance': True, 'has_vendor_records': True, 'high_training_coverage': True, 'low_risky_rules': False}
2026-04-27 02:45:17,718 METRICS: {'training_coverage_pct': 100.0, 'risky_rule_pct': 20.0}
2026-04-27 02:45:17,718 TOTAL_RULES_LOADED: 21
2026-04-27 02:45:17,719 RULE_ENGINE_MATCHED: 17 controls
2026-04-27 02:45:17,719 RULE_ENGINE_SCORE: 42.86%
2026-04-27 02:45:17,719 JSON_CONDITION_EVALUATED: 46 controls
2026-04-27 02:45:17,719 EVALUATED_CONTROLS: 63
2026-04-27 02:45:17,719 SCORE_SOURCE: rule_engine
2026-04-27 02:45:17,719 RESULTS: compliant=48  partial=3  missing=12
2026-04-27 02:45:17,719 BY_SOURCE: {'rule_engine': 17, 'json_rule_config': 46}
2026-04-27 02:45:17,719 ======================================================================
2026-04-27 02:45:17,719 [RUNTIME PROOF] >>> HIGH-RISK boost: 5 risks, 11 ISO refs
2026-04-27 02:48:27,316 ======================================================================
2026-04-27 02:48:27,316 [RUNTIME PROOF] build_framework_aware_assessment called
2026-04-27 02:48:27,316 [RUNTIME PROOF]   framework        : ISO 27001 (ISO27001)
2026-04-27 02:48:27,316 [RUNTIME PROOF]   no_controls      : False
2026-04-27 02:48:27,316 [RUNTIME PROOF]   present_types    : ['applications', 'assets', 'controls', 'employees', 'governance', 'network_rules', 'organization_profile', 'risk_register', 'vendors']
2026-04-27 02:48:27,316 [RUNTIME PROOF]   relevant_controls: 63
2026-04-27 02:48:27,316 [RUNTIME PROOF]   uploaded_controls: 4
2026-04-27 02:48:27,316 ======================================================================
2026-04-27 02:48:27,316 [RUNTIME PROOF] >>> ENTERING RULE ENGINE PATH
2026-04-27 02:48:27,316 [RUNTIME PROOF]   framework_id     : ISO 27001
2026-04-27 02:48:27,317 ======================================================================
2026-04-27 02:48:27,317 RULE_ENGINE_ACTIVE: ISO 27001
2026-04-27 02:48:27,317 SIGNALS: {'has_access_levels': True, 'has_applications': True, 'has_asset_classifications': True, 'has_asset_inventory': True, 'has_asset_locations': True, 'has_asset_owners': True, 'has_deny_rules': True, 'has_employee_records': True, 'has_governance_activities': True, 'has_high_risk_vendors': True, 'has_network_rules': True, 'has_risk_register': True, 'has_risk_treatments': True, 'has_some_training': True, 'has_vendor_compliance': True, 'has_vendor_records': True, 'high_training_coverage': True, 'low_risky_rules': False}
2026-04-27 02:48:27,317 METRICS: {'training_coverage_pct': 100.0, 'risky_rule_pct': 20.0}
2026-04-27 02:48:27,317 RULE_EVALUATOR: no Python rules for 'ISO 27001' — using JSON conditions only
2026-04-27 02:48:27,317 JSON_CONDITION_EVALUATED: 63 controls
2026-04-27 02:48:27,318 EVALUATED_CONTROLS: 63
2026-04-27 02:48:27,318 SCORE_SOURCE: rule_engine
2026-04-27 02:48:27,318 RESULTS: compliant=59  partial=4  missing=0
2026-04-27 02:48:27,318 BY_SOURCE: {'json_rule_config': 63}
2026-04-27 02:48:27,318 ======================================================================
2026-04-27 03:11:50,153 ======================================================================
2026-04-27 03:11:50,154 [RUNTIME PROOF] build_framework_aware_assessment called
2026-04-27 03:11:50,154 [RUNTIME PROOF]   framework        : iso27001 (ISO27001)
2026-04-27 03:11:50,154 [RUNTIME PROOF]   no_controls      : True
2026-04-27 03:11:50,154 [RUNTIME PROOF]   present_types    : ['assets', 'employees', 'governance', 'network_rules', 'risk_register', 'vendors']
2026-04-27 03:11:50,154 [RUNTIME PROOF]   relevant_controls: 63
2026-04-27 03:11:50,154 [RUNTIME PROOF]   uploaded_controls: 0
2026-04-27 03:11:50,154 ======================================================================
2026-04-27 03:11:50,155 [RUNTIME PROOF] >>> ENTERING RULE ENGINE PATH
2026-04-27 03:11:50,155 [RUNTIME PROOF]   framework_id     : iso27001
2026-04-27 03:11:50,156 ======================================================================
2026-04-27 03:11:50,156 RULE_ENGINE_ACTIVE: iso27001
2026-04-27 03:11:50,156 SIGNALS: {'has_access_levels': True, 'has_applications': False, 'has_asset_classifications': True, 'has_asset_inventory': True, 'has_asset_locations': True, 'has_asset_owners': True, 'has_deny_rules': True, 'has_employee_records': True, 'has_governance_activities': True, 'has_high_risk_vendors': True, 'has_network_rules': True, 'has_risk_register': True, 'has_risk_treatments': True, 'has_some_training': True, 'has_vendor_compliance': True, 'has_vendor_records': True, 'high_training_coverage': True, 'low_risky_rules': False}
2026-04-27 03:11:50,157 METRICS: {'training_coverage_pct': 75.0, 'risky_rule_pct': 25.0}
2026-04-27 03:11:50,164 TOTAL_RULES_LOADED: 21
2026-04-27 03:11:50,164 RULE_ENGINE_MATCHED: 17 controls
2026-04-27 03:11:50,164 RULE_ENGINE_SCORE: 42.86%
2026-04-27 03:11:50,164 JSON_CONDITION_EVALUATED: 46 controls
2026-04-27 03:11:50,164 EVALUATED_CONTROLS: 63
2026-04-27 03:11:50,164 SCORE_SOURCE: rule_engine
2026-04-27 03:11:50,164 RESULTS: compliant=48  partial=3  missing=12
2026-04-27 03:11:50,164 BY_SOURCE: {'rule_engine': 17, 'json_rule_config': 46}
2026-04-27 03:11:50,165 ======================================================================
2026-04-27 03:11:55,916 ======================================================================
2026-04-27 03:11:55,916 [RUNTIME PROOF] build_framework_aware_assessment called
2026-04-27 03:11:55,916 [RUNTIME PROOF]   framework        : iso27001 (ISO27001)
2026-04-27 03:11:55,916 [RUNTIME PROOF]   no_controls      : True
2026-04-27 03:11:55,916 [RUNTIME PROOF]   present_types    : ['assets', 'employees', 'governance', 'network_rules', 'risk_register', 'vendors']
2026-04-27 03:11:55,916 [RUNTIME PROOF]   relevant_controls: 63
2026-04-27 03:11:55,916 [RUNTIME PROOF]   uploaded_controls: 0
2026-04-27 03:11:55,916 ======================================================================
2026-04-27 03:11:55,916 [RUNTIME PROOF] >>> ENTERING RULE ENGINE PATH
2026-04-27 03:11:55,916 [RUNTIME PROOF]   framework_id     : iso27001
2026-04-27 03:11:55,916 ======================================================================
2026-04-27 03:11:55,916 RULE_ENGINE_ACTIVE: iso27001
2026-04-27 03:11:55,916 SIGNALS: {'has_access_levels': True, 'has_applications': False, 'has_asset_classifications': True, 'has_asset_inventory': True, 'has_asset_locations': True, 'has_asset_owners': True, 'has_deny_rules': True, 'has_employee_records': True, 'has_governance_activities': True, 'has_high_risk_vendors': True, 'has_network_rules': True, 'has_risk_register': True, 'has_risk_treatments': True, 'has_some_training': True, 'has_vendor_compliance': True, 'has_vendor_records': True, 'high_training_coverage': True, 'low_risky_rules': False}
2026-04-27 03:11:55,916 METRICS: {'training_coverage_pct': 75.0, 'risky_rule_pct': 25.0}
2026-04-27 03:11:55,921 TOTAL_RULES_LOADED: 21
2026-04-27 03:11:55,921 RULE_ENGINE_MATCHED: 17 controls
2026-04-27 03:11:55,921 RULE_ENGINE_SCORE: 42.86%
2026-04-27 03:11:55,921 JSON_CONDITION_EVALUATED: 46 controls
2026-04-27 03:11:55,922 EVALUATED_CONTROLS: 63
2026-04-27 03:11:55,922 SCORE_SOURCE: rule_engine
2026-04-27 03:11:55,922 RESULTS: compliant=48  partial=3  missing=12
2026-04-27 03:11:55,922 BY_SOURCE: {'rule_engine': 17, 'json_rule_config': 46}
2026-04-27 03:11:55,922 ======================================================================
2026-04-27 03:12:30,199 ======================================================================
2026-04-27 03:12:30,200 [RUNTIME PROOF] build_framework_aware_assessment called
2026-04-27 03:12:30,200 [RUNTIME PROOF]   framework        : iso27001 (ISO27001)
2026-04-27 03:12:30,200 [RUNTIME PROOF]   no_controls      : True
2026-04-27 03:12:30,200 [RUNTIME PROOF]   present_types    : ['assets', 'employees', 'governance', 'network_rules', 'risk_register', 'vendors']
2026-04-27 03:12:30,200 [RUNTIME PROOF]   relevant_controls: 63
2026-04-27 03:12:30,200 [RUNTIME PROOF]   uploaded_controls: 0
2026-04-27 03:12:30,200 ======================================================================
2026-04-27 03:12:30,201 [RUNTIME PROOF] >>> ENTERING RULE ENGINE PATH
2026-04-27 03:12:30,201 [RUNTIME PROOF]   framework_id     : iso27001
2026-04-27 03:12:30,201 ======================================================================
2026-04-27 03:12:30,201 RULE_ENGINE_ACTIVE: iso27001
2026-04-27 03:12:30,201 SIGNALS: {'has_access_levels': True, 'has_applications': False, 'has_asset_classifications': True, 'has_asset_inventory': True, 'has_asset_locations': True, 'has_asset_owners': True, 'has_deny_rules': True, 'has_employee_records': True, 'has_governance_activities': True, 'has_high_risk_vendors': True, 'has_network_rules': True, 'has_risk_register': True, 'has_risk_treatments': True, 'has_some_training': True, 'has_vendor_compliance': True, 'has_vendor_records': True, 'high_training_coverage': True, 'low_risky_rules': False}
2026-04-27 03:12:30,201 METRICS: {'training_coverage_pct': 75.0, 'risky_rule_pct': 25.0}
2026-04-27 03:12:30,206 TOTAL_RULES_LOADED: 21
2026-04-27 03:12:30,206 RULE_ENGINE_MATCHED: 17 controls
2026-04-27 03:12:30,206 RULE_ENGINE_SCORE: 47.62%
2026-04-27 03:12:30,206 JSON_CONDITION_EVALUATED: 46 controls
2026-04-27 03:12:30,206 EVALUATED_CONTROLS: 63
2026-04-27 03:12:30,206 SCORE_SOURCE: rule_engine
2026-04-27 03:12:30,206 RESULTS: compliant=49  partial=3  missing=11
2026-04-27 03:12:30,206 BY_SOURCE: {'rule_engine': 17, 'json_rule_config': 46}
2026-04-27 03:12:30,206 ======================================================================
2026-04-27 03:56:33,593 ======================================================================
2026-04-27 03:56:33,593 [RUNTIME PROOF] build_framework_aware_assessment called
2026-04-27 03:56:33,594 [RUNTIME PROOF]   framework        : ISO 27001 (ISO27001)
2026-04-27 03:56:33,594 [RUNTIME PROOF]   no_controls      : False
2026-04-27 03:56:33,594 [RUNTIME PROOF]   present_types    : ['applications', 'assets', 'controls', 'employees', 'governance', 'network_rules', 'organization_profile', 'risk_register', 'vendors']
2026-04-27 03:56:33,594 [RUNTIME PROOF]   relevant_controls: 63
2026-04-27 03:56:33,594 [RUNTIME PROOF]   uploaded_controls: 4
2026-04-27 03:56:33,594 ======================================================================
2026-04-27 03:56:33,597 [RUNTIME PROOF] >>> ENTERING RULE ENGINE PATH
2026-04-27 03:56:33,597 [RUNTIME PROOF]   framework_id     : ISO 27001
2026-04-27 03:56:33,599 ======================================================================
2026-04-27 03:56:33,599 RULE_ENGINE_ACTIVE: ISO 27001
2026-04-27 03:56:33,599 SIGNALS: {'has_access_levels': True, 'has_applications': True, 'has_asset_classifications': True, 'has_asset_inventory': True, 'has_asset_locations': True, 'has_asset_owners': True, 'has_deny_rules': True, 'has_employee_records': True, 'has_governance_activities': True, 'has_high_risk_vendors': True, 'has_network_rules': True, 'has_risk_register': True, 'has_risk_treatments': True, 'has_some_training': True, 'has_vendor_compliance': True, 'has_vendor_records': True, 'high_training_coverage': True, 'low_risky_rules': False}
2026-04-27 03:56:33,599 METRICS: {'training_coverage_pct': 100.0, 'risky_rule_pct': 20.0}
2026-04-27 03:56:33,613 RULE_EVALUATOR: no Python rules for 'ISO 27001' — using JSON conditions only
2026-04-27 03:56:33,615 JSON_CONDITION_EVALUATED: 63 controls
2026-04-27 03:56:33,615 EVALUATED_CONTROLS: 63
2026-04-27 03:56:33,615 SCORE_SOURCE: rule_engine
2026-04-27 03:56:33,615 RESULTS: compliant=59  partial=4  missing=0
2026-04-27 03:56:33,615 BY_SOURCE: {'json_rule_config': 63}
2026-04-27 03:56:33,615 ======================================================================
2026-04-27 03:58:03,626 ======================================================================
2026-04-27 03:58:03,627 [RUNTIME PROOF] build_framework_aware_assessment called
2026-04-27 03:58:03,627 [RUNTIME PROOF]   framework        : ISO 27001 (ISO27001)
2026-04-27 03:58:03,627 [RUNTIME PROOF]   no_controls      : False
2026-04-27 03:58:03,627 [RUNTIME PROOF]   present_types    : ['applications', 'assets', 'controls', 'employees', 'governance', 'network_rules', 'organization_profile', 'risk_register', 'vendors']
2026-04-27 03:58:03,627 [RUNTIME PROOF]   relevant_controls: 63
2026-04-27 03:58:03,627 [RUNTIME PROOF]   uploaded_controls: 4
2026-04-27 03:58:03,627 ======================================================================
2026-04-27 03:58:03,627 [RUNTIME PROOF] >>> ENTERING RULE ENGINE PATH
2026-04-27 03:58:03,627 [RUNTIME PROOF]   framework_id     : ISO 27001
2026-04-27 03:58:03,627 ======================================================================
2026-04-27 03:58:03,627 RULE_ENGINE_ACTIVE: ISO 27001
2026-04-27 03:58:03,627 SIGNALS: {'has_access_levels': True, 'has_applications': True, 'has_asset_classifications': True, 'has_asset_inventory': True, 'has_asset_locations': True, 'has_asset_owners': True, 'has_deny_rules': True, 'has_employee_records': True, 'has_governance_activities': True, 'has_high_risk_vendors': True, 'has_network_rules': True, 'has_risk_register': True, 'has_risk_treatments': True, 'has_some_training': True, 'has_vendor_compliance': True, 'has_vendor_records': True, 'high_training_coverage': True, 'low_risky_rules': False}
2026-04-27 03:58:03,627 METRICS: {'training_coverage_pct': 100.0, 'risky_rule_pct': 20.0}
2026-04-27 03:58:03,627 RULE_EVALUATOR: no Python rules for 'ISO 27001' — using JSON conditions only
2026-04-27 03:58:03,628 JSON_CONDITION_EVALUATED: 63 controls
2026-04-27 03:58:03,628 EVALUATED_CONTROLS: 63
2026-04-27 03:58:03,628 SCORE_SOURCE: rule_engine
2026-04-27 03:58:03,628 RESULTS: compliant=59  partial=4  missing=0
2026-04-27 03:58:03,628 BY_SOURCE: {'json_rule_config': 63}
2026-04-27 03:58:03,628 ======================================================================
2026-04-27 04:24:05,055 ======================================================================
2026-04-27 04:24:05,055 [RUNTIME PROOF] build_framework_aware_assessment called
2026-04-27 04:24:05,055 [RUNTIME PROOF]   framework        : iso27001 (ISO27001)
2026-04-27 04:24:05,055 [RUNTIME PROOF]   no_controls      : True
2026-04-27 04:24:05,055 [RUNTIME PROOF]   present_types    : ['assets', 'employees', 'governance', 'network_rules', 'risk_register', 'vendors']
2026-04-27 04:24:05,055 [RUNTIME PROOF]   relevant_controls: 63
2026-04-27 04:24:05,055 [RUNTIME PROOF]   uploaded_controls: 0
2026-04-27 04:24:05,055 ======================================================================
2026-04-27 04:24:05,056 [RUNTIME PROOF] >>> ENTERING RULE ENGINE PATH
2026-04-27 04:24:05,056 [RUNTIME PROOF]   framework_id     : iso27001
2026-04-27 04:24:05,057 ======================================================================
2026-04-27 04:24:05,057 RULE_ENGINE_ACTIVE: iso27001
2026-04-27 04:24:05,057 SIGNALS: {'has_access_levels': True, 'has_applications': False, 'has_asset_classifications': True, 'has_asset_inventory': True, 'has_asset_locations': True, 'has_asset_owners': True, 'has_deny_rules': True, 'has_employee_records': True, 'has_governance_activities': True, 'has_high_risk_vendors': True, 'has_network_rules': True, 'has_risk_register': True, 'has_risk_treatments': True, 'has_some_training': True, 'has_vendor_compliance': True, 'has_vendor_records': True, 'high_training_coverage': True, 'low_risky_rules': False}
2026-04-27 04:24:05,057 METRICS: {'training_coverage_pct': 75.0, 'risky_rule_pct': 25.0}
2026-04-27 04:24:05,063 TOTAL_RULES_LOADED: 21
2026-04-27 04:24:05,063 RULE_ENGINE_MATCHED: 17 controls
2026-04-27 04:24:05,063 RULE_ENGINE_SCORE: 42.86%
2026-04-27 04:24:05,063 JSON_CONDITION_EVALUATED: 46 controls
2026-04-27 04:24:05,063 EVALUATED_CONTROLS: 63
2026-04-27 04:24:05,063 SCORE_SOURCE: rule_engine
2026-04-27 04:24:05,063 RESULTS: compliant=48  partial=3  missing=12
2026-04-27 04:24:05,065 BY_SOURCE: {'rule_engine': 17, 'json_rule_config': 46}
2026-04-27 04:24:05,065 ======================================================================
2026-04-27 04:24:19,991 ======================================================================
2026-04-27 04:24:19,991 [RUNTIME PROOF] build_framework_aware_assessment called
2026-04-27 04:24:19,991 [RUNTIME PROOF]   framework        : iso27001 (ISO27001)
2026-04-27 04:24:19,991 [RUNTIME PROOF]   no_controls      : True
2026-04-27 04:24:19,991 [RUNTIME PROOF]   present_types    : ['assets', 'employees', 'governance', 'network_rules', 'risk_register', 'vendors']
2026-04-27 04:24:19,991 [RUNTIME PROOF]   relevant_controls: 63
2026-04-27 04:24:19,991 [RUNTIME PROOF]   uploaded_controls: 0
2026-04-27 04:24:19,991 ======================================================================
2026-04-27 04:24:19,993 [RUNTIME PROOF] >>> ENTERING RULE ENGINE PATH
2026-04-27 04:24:19,993 [RUNTIME PROOF]   framework_id     : iso27001
2026-04-27 04:24:19,993 ======================================================================
2026-04-27 04:24:19,993 RULE_ENGINE_ACTIVE: iso27001
2026-04-27 04:24:19,993 SIGNALS: {'has_access_levels': True, 'has_applications': False, 'has_asset_classifications': True, 'has_asset_inventory': True, 'has_asset_locations': True, 'has_asset_owners': True, 'has_deny_rules': True, 'has_employee_records': True, 'has_governance_activities': True, 'has_high_risk_vendors': True, 'has_network_rules': True, 'has_risk_register': True, 'has_risk_treatments': True, 'has_some_training': True, 'has_vendor_compliance': True, 'has_vendor_records': True, 'high_training_coverage': True, 'low_risky_rules': False}
2026-04-27 04:24:19,994 METRICS: {'training_coverage_pct': 75.0, 'risky_rule_pct': 25.0}
2026-04-27 04:24:20,000 TOTAL_RULES_LOADED: 21
2026-04-27 04:24:20,000 RULE_ENGINE_MATCHED: 17 controls
2026-04-27 04:24:20,000 RULE_ENGINE_SCORE: 42.86%
2026-04-27 04:24:20,000 JSON_CONDITION_EVALUATED: 46 controls
2026-04-27 04:24:20,000 EVALUATED_CONTROLS: 63
2026-04-27 04:24:20,000 SCORE_SOURCE: rule_engine
2026-04-27 04:24:20,000 RESULTS: compliant=48  partial=3  missing=12
2026-04-27 04:24:20,000 BY_SOURCE: {'rule_engine': 17, 'json_rule_config': 46}
2026-04-27 04:24:20,000 ======================================================================
2026-04-27 04:24:34,389 ======================================================================
2026-04-27 04:24:34,389 [RUNTIME PROOF] build_framework_aware_assessment called
2026-04-27 04:24:34,389 [RUNTIME PROOF]   framework        : iso27001 (ISO27001)
2026-04-27 04:24:34,389 [RUNTIME PROOF]   no_controls      : True
2026-04-27 04:24:34,389 [RUNTIME PROOF]   present_types    : []
2026-04-27 04:24:34,389 [RUNTIME PROOF]   relevant_controls: 63
2026-04-27 04:24:34,389 [RUNTIME PROOF]   uploaded_controls: 0
2026-04-27 04:24:34,389 ======================================================================
2026-04-27 04:24:34,390 [RUNTIME PROOF] >>> ENTERING RULE ENGINE PATH
2026-04-27 04:24:34,390 [RUNTIME PROOF]   framework_id     : iso27001
2026-04-27 04:24:34,391 ======================================================================
2026-04-27 04:24:34,391 RULE_ENGINE_ACTIVE: iso27001
2026-04-27 04:24:34,391 SIGNALS: {}
2026-04-27 04:24:34,391 METRICS: {}
2026-04-27 04:24:34,397 TOTAL_RULES_LOADED: 21
2026-04-27 04:24:34,397 RULE_ENGINE_MATCHED: 17 controls
2026-04-27 04:24:34,397 RULE_ENGINE_SCORE: 0.00%
2026-04-27 04:24:34,397 JSON_CONDITION_EVALUATED: 46 controls
2026-04-27 04:24:34,397 EVALUATED_CONTROLS: 63
2026-04-27 04:24:34,397 SCORE_SOURCE: rule_engine
2026-04-27 04:24:34,397 RESULTS: compliant=0  partial=0  missing=63
2026-04-27 04:24:34,397 BY_SOURCE: {'rule_engine': 17, 'json_rule_config': 46}
2026-04-27 04:24:34,397 ======================================================================
2026-04-27 04:29:20,771 ======================================================================
2026-04-27 04:29:20,771 [RUNTIME PROOF] build_framework_aware_assessment called
2026-04-27 04:29:20,771 [RUNTIME PROOF]   framework        : iso27001 (ISO27001)
2026-04-27 04:29:20,771 [RUNTIME PROOF]   no_controls      : True
2026-04-27 04:29:20,771 [RUNTIME PROOF]   present_types    : ['risk_register']
2026-04-27 04:29:20,771 [RUNTIME PROOF]   relevant_controls: 63
2026-04-27 04:29:20,771 [RUNTIME PROOF]   uploaded_controls: 1
2026-04-27 04:29:20,771 ======================================================================
2026-04-27 04:29:20,772 [RUNTIME PROOF] >>> ENTERING RULE ENGINE PATH
2026-04-27 04:29:20,772 [RUNTIME PROOF]   framework_id     : iso27001
2026-04-27 04:29:20,772 ======================================================================
2026-04-27 04:29:20,772 RULE_ENGINE_ACTIVE: iso27001
2026-04-27 04:29:20,774 SIGNALS: {'has_risk_register': True, 'has_risk_treatments': True}
2026-04-27 04:29:20,774 METRICS: {}
2026-04-27 04:29:20,777 TOTAL_RULES_LOADED: 21
2026-04-27 04:29:20,777 RULE_ENGINE_MATCHED: 17 controls
2026-04-27 04:29:20,777 RULE_ENGINE_SCORE: 0.00%
2026-04-27 04:29:20,777 JSON_CONDITION_EVALUATED: 46 controls
2026-04-27 04:29:20,777 EVALUATED_CONTROLS: 63
2026-04-27 04:29:20,777 SCORE_SOURCE: rule_engine
2026-04-27 04:29:20,777 RESULTS: compliant=0  partial=4  missing=59
2026-04-27 04:29:20,777 BY_SOURCE: {'rule_engine': 17, 'json_rule_config': 46}
2026-04-27 04:29:20,777 ======================================================================
2026-04-27 04:35:00,549 ======================================================================
2026-04-27 04:35:00,549 [RUNTIME PROOF] build_framework_aware_assessment called
2026-04-27 04:35:00,549 [RUNTIME PROOF]   framework        : iso27001 (ISO27001)
2026-04-27 04:35:00,549 [RUNTIME PROOF]   no_controls      : True
2026-04-27 04:35:00,549 [RUNTIME PROOF]   present_types    : ['assets', 'employees', 'governance', 'network_rules', 'risk_register', 'vendors']
2026-04-27 04:35:00,549 [RUNTIME PROOF]   relevant_controls: 63
2026-04-27 04:35:00,549 [RUNTIME PROOF]   uploaded_controls: 0
2026-04-27 04:35:00,549 ======================================================================
2026-04-27 04:35:00,551 [RUNTIME PROOF] >>> ENTERING RULE ENGINE PATH
2026-04-27 04:35:00,551 [RUNTIME PROOF]   framework_id     : iso27001
2026-04-27 04:35:00,552 ======================================================================
2026-04-27 04:35:00,552 RULE_ENGINE_ACTIVE: iso27001
2026-04-27 04:35:00,552 SIGNALS: {'has_access_levels': True, 'has_applications': False, 'has_asset_classifications': True, 'has_asset_inventory': True, 'has_asset_locations': True, 'has_asset_owners': True, 'has_deny_rules': True, 'has_employee_records': True, 'has_governance_activities': True, 'has_high_risk_vendors': True, 'has_network_rules': True, 'has_risk_register': True, 'has_risk_treatments': True, 'has_some_training': True, 'has_vendor_compliance': True, 'has_vendor_records': True, 'high_training_coverage': True, 'low_risky_rules': False}
2026-04-27 04:35:00,552 METRICS: {'training_coverage_pct': 75.0, 'risky_rule_pct': 25.0}
2026-04-27 04:35:00,557 TOTAL_RULES_LOADED: 21
2026-04-27 04:35:00,557 RULE_ENGINE_MATCHED: 17 controls
2026-04-27 04:35:00,557 RULE_ENGINE_SCORE: 42.86%
2026-04-27 04:35:00,557 JSON_CONDITION_EVALUATED: 46 controls
2026-04-27 04:35:00,557 EVALUATED_CONTROLS: 63
2026-04-27 04:35:00,557 SCORE_SOURCE: rule_engine
2026-04-27 04:35:00,557 RESULTS: compliant=48  partial=3  missing=12
2026-04-27 04:35:00,557 BY_SOURCE: {'rule_engine': 17, 'json_rule_config': 46}
2026-04-27 04:35:00,557 ======================================================================
2026-04-27 04:36:27,043 ======================================================================
2026-04-27 04:36:27,043 [RUNTIME PROOF] build_framework_aware_assessment called
2026-04-27 04:36:27,043 [RUNTIME PROOF]   framework        : ISO 27001 (ISO27001)
2026-04-27 04:36:27,043 [RUNTIME PROOF]   no_controls      : False
2026-04-27 04:36:27,043 [RUNTIME PROOF]   present_types    : ['applications', 'assets', 'controls', 'employees', 'governance', 'network_rules', 'organization_profile', 'vendors']
2026-04-27 04:36:27,044 [RUNTIME PROOF]   relevant_controls: 63
2026-04-27 04:36:27,044 [RUNTIME PROOF]   uploaded_controls: 4
2026-04-27 04:36:27,044 ======================================================================
2026-04-27 04:36:27,046 [RUNTIME PROOF] >>> ENTERING RULE ENGINE PATH
2026-04-27 04:36:27,046 [RUNTIME PROOF]   framework_id     : ISO 27001
2026-04-27 04:36:27,047 ======================================================================
2026-04-27 04:36:27,047 RULE_ENGINE_ACTIVE: ISO 27001
2026-04-27 04:36:27,048 SIGNALS: {'has_access_levels': True, 'has_applications': True, 'has_asset_classifications': True, 'has_asset_inventory': True, 'has_asset_locations': True, 'has_asset_owners': True, 'has_deny_rules': True, 'has_employee_records': True, 'has_governance_activities': True, 'has_high_risk_vendors': True, 'has_network_rules': True, 'has_some_training': True, 'has_vendor_compliance': True, 'has_vendor_records': True, 'high_training_coverage': True, 'low_risky_rules': False}
2026-04-27 04:36:27,048 METRICS: {'training_coverage_pct': 100.0, 'risky_rule_pct': 20.0}
2026-04-27 04:36:27,053 RULE_EVALUATOR: no Python rules for 'ISO 27001' — using JSON conditions only
2026-04-27 04:36:27,054 JSON_CONDITION_EVALUATED: 63 controls
2026-04-27 04:36:27,054 EVALUATED_CONTROLS: 63
2026-04-27 04:36:27,054 SCORE_SOURCE: rule_engine
2026-04-27 04:36:27,054 RESULTS: compliant=55  partial=8  missing=0
2026-04-27 04:36:27,054 BY_SOURCE: {'json_rule_config': 63}
2026-04-27 04:36:27,054 ======================================================================
2026-04-27 04:39:21,220 ======================================================================
2026-04-27 04:39:21,221 [RUNTIME PROOF] build_framework_aware_assessment called
2026-04-27 04:39:21,221 [RUNTIME PROOF]   framework        : ISO 27001 (ISO27001)
2026-04-27 04:39:21,221 [RUNTIME PROOF]   no_controls      : False
2026-04-27 04:39:21,221 [RUNTIME PROOF]   present_types    : ['applications', 'assets', 'controls', 'employees', 'governance', 'network_rules', 'organization_profile', 'risk_register', 'vendors']
2026-04-27 04:39:21,221 [RUNTIME PROOF]   relevant_controls: 63
2026-04-27 04:39:21,221 [RUNTIME PROOF]   uploaded_controls: 4
2026-04-27 04:39:21,221 ======================================================================
2026-04-27 04:39:21,223 [RUNTIME PROOF] >>> ENTERING RULE ENGINE PATH
2026-04-27 04:39:21,224 [RUNTIME PROOF]   framework_id     : ISO 27001
2026-04-27 04:39:21,226 ======================================================================
2026-04-27 04:39:21,226 RULE_ENGINE_ACTIVE: ISO 27001
2026-04-27 04:39:21,226 SIGNALS: {'has_access_levels': True, 'has_applications': True, 'has_asset_classifications': True, 'has_asset_inventory': True, 'has_asset_locations': True, 'has_asset_owners': True, 'has_deny_rules': True, 'has_employee_records': True, 'has_governance_activities': True, 'has_high_risk_vendors': True, 'has_network_rules': True, 'has_risk_register': True, 'has_risk_treatments': True, 'has_some_training': True, 'has_vendor_compliance': True, 'has_vendor_records': True, 'high_training_coverage': True, 'low_risky_rules': False}
2026-04-27 04:39:21,226 METRICS: {'training_coverage_pct': 100.0, 'risky_rule_pct': 20.0}
2026-04-27 04:39:21,237 RULE_EVALUATOR: no Python rules for 'ISO 27001' — using JSON conditions only
2026-04-27 04:39:21,238 JSON_CONDITION_EVALUATED: 63 controls
2026-04-27 04:39:21,238 EVALUATED_CONTROLS: 63
2026-04-27 04:39:21,238 SCORE_SOURCE: rule_engine
2026-04-27 04:39:21,238 RESULTS: compliant=59  partial=4  missing=0
2026-04-27 04:39:21,238 BY_SOURCE: {'json_rule_config': 63}
2026-04-27 04:39:21,238 ======================================================================
2026-04-27 05:36:44,839 ======================================================================
2026-04-27 05:36:44,839 [RUNTIME PROOF] build_framework_aware_assessment called
2026-04-27 05:36:44,839 [RUNTIME PROOF]   framework        : ISO 27001 (ISO27001)
2026-04-27 05:36:44,839 [RUNTIME PROOF]   no_controls      : False
2026-04-27 05:36:44,840 [RUNTIME PROOF]   present_types    : ['assets', 'controls', 'employees', 'vendors']
2026-04-27 05:36:44,840 [RUNTIME PROOF]   relevant_controls: 63
2026-04-27 05:36:44,840 [RUNTIME PROOF]   uploaded_controls: 4
2026-04-27 05:36:44,840 ======================================================================
2026-04-27 05:36:44,842 [RUNTIME PROOF] >>> ENTERING RULE ENGINE PATH
2026-04-27 05:36:44,842 [RUNTIME PROOF]   framework_id     : ISO 27001
2026-04-27 05:36:44,843 ======================================================================
2026-04-27 05:36:44,843 RULE_ENGINE_ACTIVE: ISO 27001
2026-04-27 05:36:44,843 SIGNALS: {'has_access_levels': True, 'has_applications': False, 'has_asset_classifications': True, 'has_asset_inventory': True, 'has_asset_locations': True, 'has_asset_owners': False, 'has_employee_records': True, 'has_high_risk_vendors': False, 'has_some_training': False, 'has_vendor_compliance': False, 'has_vendor_records': True, 'high_training_coverage': False}
2026-04-27 05:36:44,843 METRICS: {'training_coverage_pct': 0.0}
2026-04-27 05:36:44,853 RULE_EVALUATOR: no Python rules for 'ISO 27001' — using JSON conditions only
2026-04-27 05:36:44,854 JSON_CONDITION_EVALUATED: 63 controls
2026-04-27 05:36:44,854 EVALUATED_CONTROLS: 63
2026-04-27 05:36:44,854 SCORE_SOURCE: rule_engine
2026-04-27 05:36:44,854 RESULTS: compliant=11  partial=23  missing=29
2026-04-27 05:36:44,854 BY_SOURCE: {'json_rule_config': 63}
2026-04-27 05:36:44,854 ======================================================================
2026-04-27 20:33:08,739 ======================================================================
2026-04-27 20:33:08,740 [RUNTIME PROOF] build_framework_aware_assessment called
2026-04-27 20:33:08,740 [RUNTIME PROOF]   framework        : ISO 27001 (ISO27001)
2026-04-27 20:33:08,741 [RUNTIME PROOF]   no_controls      : False
2026-04-27 20:33:08,741 [RUNTIME PROOF]   present_types    : ['applications', 'assets', 'controls', 'employees', 'governance', 'network_rules', 'organization_profile', 'risk_register', 'vendors']
2026-04-27 20:33:08,741 [RUNTIME PROOF]   relevant_controls: 63
2026-04-27 20:33:08,741 [RUNTIME PROOF]   uploaded_controls: 4
2026-04-27 20:33:08,742 ======================================================================
2026-04-27 20:33:08,745 [RUNTIME PROOF] >>> ENTERING RULE ENGINE PATH
2026-04-27 20:33:08,745 [RUNTIME PROOF]   framework_id     : ISO 27001
2026-04-27 20:33:08,750 ======================================================================
2026-04-27 20:33:08,750 RULE_ENGINE_ACTIVE: ISO 27001
2026-04-27 20:33:08,751 SIGNALS: {'has_access_levels': True, 'has_applications': True, 'has_asset_classifications': True, 'has_asset_inventory': True, 'has_asset_locations': True, 'has_asset_owners': True, 'has_deny_rules': True, 'has_employee_records': True, 'has_governance_activities': True, 'has_high_risk_vendors': True, 'has_network_rules': True, 'has_risk_register': True, 'has_risk_treatments': True, 'has_some_training': True, 'has_vendor_compliance': True, 'has_vendor_records': True, 'high_training_coverage': True, 'low_risky_rules': False}
2026-04-27 20:33:08,751 METRICS: {'training_coverage_pct': 100.0, 'risky_rule_pct': 20.0}
2026-04-27 20:33:08,771 RULE_EVALUATOR: no Python rules for 'ISO 27001' — using JSON conditions only
2026-04-27 20:33:08,773 JSON_CONDITION_EVALUATED: 63 controls
2026-04-27 20:33:08,773 EVALUATED_CONTROLS: 63
2026-04-27 20:33:08,774 SCORE_SOURCE: rule_engine
2026-04-27 20:33:08,774 RESULTS: compliant=59  partial=4  missing=0
2026-04-27 20:33:08,774 BY_SOURCE: {'json_rule_config': 63}
2026-04-27 20:33:08,774 ======================================================================
2026-04-27 21:27:18,754 ======================================================================
2026-04-27 21:27:18,755 [RUNTIME PROOF] build_framework_aware_assessment called
2026-04-27 21:27:18,755 [RUNTIME PROOF]   framework        : ISO 27001 (ISO27001)
2026-04-27 21:27:18,756 [RUNTIME PROOF]   no_controls      : False
2026-04-27 21:27:18,756 [RUNTIME PROOF]   present_types    : ['applications', 'assets', 'controls', 'employees', 'governance', 'network_rules', 'organization_profile', 'risk_register', 'vendors']
2026-04-27 21:27:18,756 [RUNTIME PROOF]   relevant_controls: 63
2026-04-27 21:27:18,756 [RUNTIME PROOF]   uploaded_controls: 4
2026-04-27 21:27:18,756 ======================================================================
2026-04-27 21:27:18,756 [RUNTIME PROOF] >>> ENTERING RULE ENGINE PATH
2026-04-27 21:27:18,756 [RUNTIME PROOF]   framework_id     : ISO 27001
2026-04-27 21:27:18,756 ======================================================================
2026-04-27 21:27:18,756 RULE_ENGINE_ACTIVE: ISO 27001
2026-04-27 21:27:18,756 SIGNALS: {'has_access_levels': True, 'has_applications': True, 'has_asset_classifications': True, 'has_asset_inventory': True, 'has_asset_locations': True, 'has_asset_owners': True, 'has_deny_rules': True, 'has_employee_records': True, 'has_governance_activities': True, 'has_high_risk_vendors': True, 'has_network_rules': True, 'has_risk_register': True, 'has_risk_treatments': True, 'has_some_training': True, 'has_vendor_compliance': True, 'has_vendor_records': True, 'high_training_coverage': True, 'low_risky_rules': False}
2026-04-27 21:27:18,758 METRICS: {'training_coverage_pct': 100.0, 'risky_rule_pct': 20.0}
2026-04-27 21:27:18,758 RULE_EVALUATOR: no Python rules for 'ISO 27001' — using JSON conditions only
2026-04-27 21:27:18,758 JSON_CONDITION_EVALUATED: 63 controls
2026-04-27 21:27:18,759 EVALUATED_CONTROLS: 63
2026-04-27 21:27:18,760 SCORE_SOURCE: rule_engine
2026-04-27 21:27:18,760 RESULTS: compliant=59  partial=4  missing=0
2026-04-27 21:27:18,760 BY_SOURCE: {'json_rule_config': 63}
2026-04-27 21:27:18,760 ======================================================================
2026-04-27 21:32:51,473 ======================================================================
2026-04-27 21:32:51,473 [RUNTIME PROOF] build_framework_aware_assessment called
2026-04-27 21:32:51,474 [RUNTIME PROOF]   framework        : ISO 27001 (ISO27001)
2026-04-27 21:32:51,475 [RUNTIME PROOF]   no_controls      : False
2026-04-27 21:32:51,475 [RUNTIME PROOF]   present_types    : ['applications', 'assets', 'controls', 'employees', 'governance', 'network_rules', 'organization_profile', 'risk_register', 'vendors']
2026-04-27 21:32:51,475 [RUNTIME PROOF]   relevant_controls: 63
2026-04-27 21:32:51,475 [RUNTIME PROOF]   uploaded_controls: 4
2026-04-27 21:32:51,475 ======================================================================
2026-04-27 21:32:51,475 [RUNTIME PROOF] >>> ENTERING RULE ENGINE PATH
2026-04-27 21:32:51,475 [RUNTIME PROOF]   framework_id     : ISO 27001
2026-04-27 21:32:51,475 ======================================================================
2026-04-27 21:32:51,475 RULE_ENGINE_ACTIVE: ISO 27001
2026-04-27 21:32:51,476 SIGNALS: {'has_access_levels': True, 'has_applications': True, 'has_asset_classifications': True, 'has_asset_inventory': True, 'has_asset_locations': True, 'has_asset_owners': True, 'has_deny_rules': True, 'has_employee_records': True, 'has_governance_activities': True, 'has_high_risk_vendors': True, 'has_network_rules': True, 'has_risk_register': True, 'has_risk_treatments': True, 'has_some_training': True, 'has_vendor_compliance': True, 'has_vendor_records': True, 'high_training_coverage': True, 'low_risky_rules': False}
2026-04-27 21:32:51,476 METRICS: {'training_coverage_pct': 100.0, 'risky_rule_pct': 20.0}
2026-04-27 21:32:51,476 RULE_EVALUATOR: no Python rules for 'ISO 27001' — using JSON conditions only
2026-04-27 21:32:51,476 JSON_CONDITION_EVALUATED: 63 controls
2026-04-27 21:32:51,476 EVALUATED_CONTROLS: 63
2026-04-27 21:32:51,478 SCORE_SOURCE: rule_engine
2026-04-27 21:32:51,478 RESULTS: compliant=59  partial=4  missing=0
2026-04-27 21:32:51,478 BY_SOURCE: {'json_rule_config': 63}
2026-04-27 21:32:51,478 ======================================================================
2026-04-27 21:37:27,127 ======================================================================
2026-04-27 21:37:27,127 [RUNTIME PROOF] build_framework_aware_assessment called
2026-04-27 21:37:27,128 [RUNTIME PROOF]   framework        : ISO 27001 (ISO27001)
2026-04-27 21:37:27,128 [RUNTIME PROOF]   no_controls      : False
2026-04-27 21:37:27,128 [RUNTIME PROOF]   present_types    : ['applications', 'assets', 'controls', 'employees', 'governance', 'network_rules', 'organization_profile', 'risk_register', 'vendors']
2026-04-27 21:37:27,128 [RUNTIME PROOF]   relevant_controls: 63
2026-04-27 21:37:27,128 [RUNTIME PROOF]   uploaded_controls: 4
2026-04-27 21:37:27,128 ======================================================================
2026-04-27 21:37:27,128 [RUNTIME PROOF] >>> ENTERING RULE ENGINE PATH
2026-04-27 21:37:27,128 [RUNTIME PROOF]   framework_id     : ISO 27001
2026-04-27 21:37:27,128 ======================================================================
2026-04-27 21:37:27,129 RULE_ENGINE_ACTIVE: ISO 27001
2026-04-27 21:37:27,129 SIGNALS: {'has_access_levels': True, 'has_applications': True, 'has_asset_classifications': True, 'has_asset_inventory': True, 'has_asset_locations': True, 'has_asset_owners': True, 'has_deny_rules': True, 'has_employee_records': True, 'has_governance_activities': True, 'has_high_risk_vendors': True, 'has_network_rules': True, 'has_risk_register': True, 'has_risk_treatments': True, 'has_some_training': True, 'has_vendor_compliance': True, 'has_vendor_records': True, 'high_training_coverage': True, 'low_risky_rules': False}
2026-04-27 21:37:27,129 METRICS: {'training_coverage_pct': 100.0, 'risky_rule_pct': 20.0}
2026-04-27 21:37:27,129 RULE_EVALUATOR: no Python rules for 'ISO 27001' — using JSON conditions only
2026-04-27 21:37:27,130 JSON_CONDITION_EVALUATED: 63 controls
2026-04-27 21:37:27,130 EVALUATED_CONTROLS: 63
2026-04-27 21:37:27,132 SCORE_SOURCE: rule_engine
2026-04-27 21:37:27,132 RESULTS: compliant=59  partial=4  missing=0
2026-04-27 21:37:27,132 BY_SOURCE: {'json_rule_config': 63}
2026-04-27 21:37:27,132 ======================================================================
2026-04-27 21:41:47,466 ======================================================================
2026-04-27 21:41:47,466 [RUNTIME PROOF] build_framework_aware_assessment called
2026-04-27 21:41:47,466 [RUNTIME PROOF]   framework        : ISO 27001 (ISO27001)
2026-04-27 21:41:47,468 [RUNTIME PROOF]   no_controls      : False
2026-04-27 21:41:47,468 [RUNTIME PROOF]   present_types    : ['applications', 'assets', 'controls', 'employees', 'governance', 'network_rules', 'organization_profile', 'risk_register', 'vendors']
2026-04-27 21:41:47,468 [RUNTIME PROOF]   relevant_controls: 63
2026-04-27 21:41:47,468 [RUNTIME PROOF]   uploaded_controls: 4
2026-04-27 21:41:47,469 ======================================================================
2026-04-27 21:41:47,469 [RUNTIME PROOF] >>> ENTERING RULE ENGINE PATH
2026-04-27 21:41:47,469 [RUNTIME PROOF]   framework_id     : ISO 27001
2026-04-27 21:41:47,469 ======================================================================
2026-04-27 21:41:47,469 RULE_ENGINE_ACTIVE: ISO 27001
2026-04-27 21:41:47,469 SIGNALS: {'has_access_levels': True, 'has_applications': True, 'has_asset_classifications': True, 'has_asset_inventory': True, 'has_asset_locations': True, 'has_asset_owners': True, 'has_deny_rules': True, 'has_employee_records': True, 'has_governance_activities': True, 'has_high_risk_vendors': True, 'has_network_rules': True, 'has_risk_register': True, 'has_risk_treatments': True, 'has_some_training': True, 'has_vendor_compliance': True, 'has_vendor_records': True, 'high_training_coverage': True, 'low_risky_rules': False}
2026-04-27 21:41:47,469 METRICS: {'training_coverage_pct': 100.0, 'risky_rule_pct': 20.0}
2026-04-27 21:41:47,469 RULE_EVALUATOR: no Python rules for 'ISO 27001' — using JSON conditions only
2026-04-27 21:41:47,471 JSON_CONDITION_EVALUATED: 63 controls
2026-04-27 21:41:47,471 EVALUATED_CONTROLS: 63
2026-04-27 21:41:47,471 SCORE_SOURCE: rule_engine
2026-04-27 21:41:47,471 RESULTS: compliant=59  partial=4  missing=0
2026-04-27 21:41:47,471 BY_SOURCE: {'json_rule_config': 63}
2026-04-27 21:41:47,472 ======================================================================
2026-04-27 21:47:32,694 ======================================================================
2026-04-27 21:47:32,694 [RUNTIME PROOF] build_framework_aware_assessment called
2026-04-27 21:47:32,695 [RUNTIME PROOF]   framework        : ISO 27001 (ISO27001)
2026-04-27 21:47:32,695 [RUNTIME PROOF]   no_controls      : False
2026-04-27 21:47:32,695 [RUNTIME PROOF]   present_types    : ['applications', 'assets', 'controls', 'employees', 'governance', 'network_rules', 'organization_profile', 'risk_register', 'vendors']
2026-04-27 21:47:32,695 [RUNTIME PROOF]   relevant_controls: 63
2026-04-27 21:47:32,696 [RUNTIME PROOF]   uploaded_controls: 4
2026-04-27 21:47:32,696 ======================================================================
2026-04-27 21:47:32,696 [RUNTIME PROOF] >>> ENTERING RULE ENGINE PATH
2026-04-27 21:47:32,696 [RUNTIME PROOF]   framework_id     : ISO 27001
2026-04-27 21:47:32,696 ======================================================================
2026-04-27 21:47:32,697 RULE_ENGINE_ACTIVE: ISO 27001
2026-04-27 21:47:32,697 SIGNALS: {'has_access_levels': True, 'has_applications': True, 'has_asset_classifications': True, 'has_asset_inventory': True, 'has_asset_locations': True, 'has_asset_owners': True, 'has_deny_rules': True, 'has_employee_records': True, 'has_governance_activities': True, 'has_high_risk_vendors': True, 'has_network_rules': True, 'has_risk_register': True, 'has_risk_treatments': True, 'has_some_training': True, 'has_vendor_compliance': True, 'has_vendor_records': True, 'high_training_coverage': True, 'low_risky_rules': False}
2026-04-27 21:47:32,697 METRICS: {'training_coverage_pct': 100.0, 'risky_rule_pct': 20.0}
2026-04-27 21:47:32,697 RULE_EVALUATOR: no Python rules for 'ISO 27001' — using JSON conditions only
2026-04-27 21:47:32,698 JSON_CONDITION_EVALUATED: 63 controls
2026-04-27 21:47:32,699 EVALUATED_CONTROLS: 63
2026-04-27 21:47:32,699 SCORE_SOURCE: rule_engine
2026-04-27 21:47:32,699 RESULTS: compliant=59  partial=4  missing=0
2026-04-27 21:47:32,699 BY_SOURCE: {'json_rule_config': 63}
2026-04-27 21:47:32,700 ======================================================================
2026-04-27 21:52:49,086 ======================================================================
2026-04-27 21:52:49,086 [RUNTIME PROOF] build_framework_aware_assessment called
2026-04-27 21:52:49,086 [RUNTIME PROOF]   framework        : ISO 27001 (ISO27001)
2026-04-27 21:52:49,086 [RUNTIME PROOF]   no_controls      : False
2026-04-27 21:52:49,086 [RUNTIME PROOF]   present_types    : ['applications', 'assets', 'controls', 'employees', 'governance', 'network_rules', 'organization_profile', 'risk_register', 'vendors']
2026-04-27 21:52:49,086 [RUNTIME PROOF]   relevant_controls: 63
2026-04-27 21:52:49,086 [RUNTIME PROOF]   uploaded_controls: 4
2026-04-27 21:52:49,086 ======================================================================
2026-04-27 21:52:49,086 [RUNTIME PROOF] >>> ENTERING RULE ENGINE PATH
2026-04-27 21:52:49,088 [RUNTIME PROOF]   framework_id     : ISO 27001
2026-04-27 21:52:49,088 ======================================================================
2026-04-27 21:52:49,088 RULE_ENGINE_ACTIVE: ISO 27001
2026-04-27 21:52:49,088 SIGNALS: {'has_access_levels': True, 'has_applications': True, 'has_asset_classifications': True, 'has_asset_inventory': True, 'has_asset_locations': True, 'has_asset_owners': True, 'has_deny_rules': True, 'has_employee_records': True, 'has_governance_activities': True, 'has_high_risk_vendors': True, 'has_network_rules': True, 'has_risk_register': True, 'has_risk_treatments': True, 'has_some_training': True, 'has_vendor_compliance': True, 'has_vendor_records': True, 'high_training_coverage': True, 'low_risky_rules': False}
2026-04-27 21:52:49,088 METRICS: {'training_coverage_pct': 100.0, 'risky_rule_pct': 20.0}
2026-04-27 21:52:49,089 RULE_EVALUATOR: no Python rules for 'ISO 27001' — using JSON conditions only
2026-04-27 21:52:49,089 JSON_CONDITION_EVALUATED: 63 controls
2026-04-27 21:52:49,089 EVALUATED_CONTROLS: 63
2026-04-27 21:52:49,090 SCORE_SOURCE: rule_engine
2026-04-27 21:52:49,091 RESULTS: compliant=59  partial=4  missing=0
2026-04-27 21:52:49,091 BY_SOURCE: {'json_rule_config': 63}
2026-04-27 21:52:49,091 ======================================================================
2026-04-27 23:00:01,256 ======================================================================
2026-04-27 23:00:01,256 [RUNTIME PROOF] build_framework_aware_assessment called
2026-04-27 23:00:01,256 [RUNTIME PROOF]   framework        : iso27001 (ISO27001)
2026-04-27 23:00:01,256 [RUNTIME PROOF]   no_controls      : False
2026-04-27 23:00:01,256 [RUNTIME PROOF]   present_types    : ['controls']
2026-04-27 23:00:01,256 [RUNTIME PROOF]   relevant_controls: 63
2026-04-27 23:00:01,256 [RUNTIME PROOF]   uploaded_controls: 3
2026-04-27 23:00:01,257 ======================================================================
2026-04-27 23:00:01,258 [RUNTIME PROOF] >>> ENTERING RULE ENGINE PATH
2026-04-27 23:00:01,258 [RUNTIME PROOF]   framework_id     : iso27001
2026-04-27 23:00:01,261 ======================================================================
2026-04-27 23:00:01,261 RULE_ENGINE_ACTIVE: iso27001
2026-04-27 23:00:01,261 SIGNALS: {}
2026-04-27 23:00:01,261 METRICS: {}
2026-04-27 23:00:01,269 TOTAL_RULES_LOADED: 21
2026-04-27 23:00:01,269 RULE_ENGINE_MATCHED: 17 controls
2026-04-27 23:00:01,269 RULE_ENGINE_SCORE: 0.00%
2026-04-27 23:00:01,269 JSON_CONDITION_EVALUATED: 46 controls
2026-04-27 23:00:01,269 EVALUATED_CONTROLS: 63
2026-04-27 23:00:01,269 SCORE_SOURCE: rule_engine
2026-04-27 23:00:01,269 RESULTS: compliant=0  partial=0  missing=63
2026-04-27 23:00:01,269 BY_SOURCE: {'rule_engine': 17, 'json_rule_config': 46}
2026-04-27 23:00:01,269 ======================================================================
2026-04-27 23:01:31,474 ======================================================================
2026-04-27 23:01:31,475 [RUNTIME PROOF] build_framework_aware_assessment called
2026-04-27 23:01:31,475 [RUNTIME PROOF]   framework        : iso27001 (ISO27001)
2026-04-27 23:01:31,475 [RUNTIME PROOF]   no_controls      : False
2026-04-27 23:01:31,475 [RUNTIME PROOF]   present_types    : ['controls']
2026-04-27 23:01:31,475 [RUNTIME PROOF]   relevant_controls: 63
2026-04-27 23:01:31,475 [RUNTIME PROOF]   uploaded_controls: 3
2026-04-27 23:01:31,475 ======================================================================
2026-04-27 23:01:31,476 [RUNTIME PROOF] >>> ENTERING RULE ENGINE PATH
2026-04-27 23:01:31,476 [RUNTIME PROOF]   framework_id     : iso27001
2026-04-27 23:01:31,476 ======================================================================
2026-04-27 23:01:31,476 RULE_ENGINE_ACTIVE: iso27001
2026-04-27 23:01:31,476 SIGNALS: {}
2026-04-27 23:01:31,476 METRICS: {}
2026-04-27 23:01:31,479 TOTAL_RULES_LOADED: 21
2026-04-27 23:01:31,480 RULE_ENGINE_MATCHED: 17 controls
2026-04-27 23:01:31,480 RULE_ENGINE_SCORE: 0.00%
2026-04-27 23:01:31,480 JSON_CONDITION_EVALUATED: 46 controls
2026-04-27 23:01:31,480 EVALUATED_CONTROLS: 63
2026-04-27 23:01:31,480 SCORE_SOURCE: rule_engine
2026-04-27 23:01:31,480 RESULTS: compliant=0  partial=0  missing=63
2026-04-27 23:01:31,480 BY_SOURCE: {'rule_engine': 17, 'json_rule_config': 46}
2026-04-27 23:01:31,480 ======================================================================
2026-04-27 23:21:08,903 ======================================================================
2026-04-27 23:21:08,903 [RUNTIME PROOF] build_framework_aware_assessment called
2026-04-27 23:21:08,903 [RUNTIME PROOF]   framework        : ISO 27001 (ISO27001)
2026-04-27 23:21:08,903 [RUNTIME PROOF]   no_controls      : False
2026-04-27 23:21:08,904 [RUNTIME PROOF]   present_types    : ['controls']
2026-04-27 23:21:08,904 [RUNTIME PROOF]   relevant_controls: 63
2026-04-27 23:21:08,904 [RUNTIME PROOF]   uploaded_controls: 3
2026-04-27 23:21:08,904 ======================================================================
2026-04-27 23:21:08,905 [RUNTIME PROOF] >>> ENTERING RULE ENGINE PATH
2026-04-27 23:21:08,905 [RUNTIME PROOF]   framework_id     : ISO 27001
2026-04-27 23:21:08,906 ======================================================================
2026-04-27 23:21:08,906 RULE_ENGINE_ACTIVE: ISO 27001
2026-04-27 23:21:08,906 SIGNALS: {}
2026-04-27 23:21:08,906 METRICS: {}
2026-04-27 23:21:08,910 RULE_EVALUATOR: no Python rules for 'ISO 27001' — using JSON conditions only
2026-04-27 23:21:08,910 JSON_CONDITION_EVALUATED: 63 controls
2026-04-27 23:21:08,910 EVALUATED_CONTROLS: 63
2026-04-27 23:21:08,911 SCORE_SOURCE: rule_engine
2026-04-27 23:21:08,911 RESULTS: compliant=0  partial=0  missing=63
2026-04-27 23:21:08,911 BY_SOURCE: {'json_rule_config': 63}
2026-04-27 23:21:08,911 ======================================================================
2026-04-27 23:29:01,757 ======================================================================
2026-04-27 23:29:01,757 [RUNTIME PROOF] build_framework_aware_assessment called
2026-04-27 23:29:01,757 [RUNTIME PROOF]   framework        : ISO 27001 (ISO27001)
2026-04-27 23:29:01,757 [RUNTIME PROOF]   no_controls      : False
2026-04-27 23:29:01,757 [RUNTIME PROOF]   present_types    : ['applications', 'assets', 'controls', 'employees', 'governance', 'network_rules', 'organization_profile', 'risk_register', 'vendors']
2026-04-27 23:29:01,757 [RUNTIME PROOF]   relevant_controls: 63
2026-04-27 23:29:01,757 [RUNTIME PROOF]   uploaded_controls: 4
2026-04-27 23:29:01,757 ======================================================================
2026-04-27 23:29:01,759 [RUNTIME PROOF] >>> ENTERING RULE ENGINE PATH
2026-04-27 23:29:01,759 [RUNTIME PROOF]   framework_id     : ISO 27001
2026-04-27 23:29:01,760 ======================================================================
2026-04-27 23:29:01,760 RULE_ENGINE_ACTIVE: ISO 27001
2026-04-27 23:29:01,760 SIGNALS: {'has_access_levels': True, 'has_applications': True, 'has_asset_classifications': True, 'has_asset_inventory': True, 'has_asset_locations': True, 'has_asset_owners': True, 'has_deny_rules': True, 'has_employee_records': True, 'has_governance_activities': True, 'has_high_risk_vendors': True, 'has_network_rules': True, 'has_risk_register': True, 'has_risk_treatments': True, 'has_some_training': True, 'has_vendor_compliance': True, 'has_vendor_records': True, 'high_training_coverage': True, 'low_risky_rules': False}
2026-04-27 23:29:01,760 METRICS: {'training_coverage_pct': 100.0, 'risky_rule_pct': 20.0}
2026-04-27 23:29:01,766 RULE_EVALUATOR: no Python rules for 'ISO 27001' — using JSON conditions only
2026-04-27 23:29:01,766 JSON_CONDITION_EVALUATED: 63 controls
2026-04-27 23:29:01,767 EVALUATED_CONTROLS: 63
2026-04-27 23:29:01,767 SCORE_SOURCE: rule_engine
2026-04-27 23:29:01,767 RESULTS: compliant=59  partial=4  missing=0
2026-04-27 23:29:01,767 BY_SOURCE: {'json_rule_config': 63}
2026-04-27 23:29:01,767 ======================================================================
2026-04-28 01:30:57,974 ======================================================================
2026-04-28 01:30:57,975 [RUNTIME PROOF] build_framework_aware_assessment called
2026-04-28 01:30:57,975 [RUNTIME PROOF]   framework        : ISO 27001 (ISO27001)
2026-04-28 01:30:57,975 [RUNTIME PROOF]   no_controls      : False
2026-04-28 01:30:57,975 [RUNTIME PROOF]   present_types    : ['applications', 'assets', 'controls', 'employees', 'governance', 'network_rules', 'organization_profile', 'risk_register', 'vendors']
2026-04-28 01:30:57,976 [RUNTIME PROOF]   relevant_controls: 63
2026-04-28 01:30:57,976 [RUNTIME PROOF]   uploaded_controls: 4
2026-04-28 01:30:57,976 ======================================================================
2026-04-28 01:30:57,978 [RUNTIME PROOF] >>> ENTERING RULE ENGINE PATH
2026-04-28 01:30:57,980 [RUNTIME PROOF]   framework_id     : ISO 27001
2026-04-28 01:30:57,981 ======================================================================
2026-04-28 01:30:57,981 RULE_ENGINE_ACTIVE: ISO 27001
2026-04-28 01:30:57,981 SIGNALS: {'has_access_levels': True, 'has_applications': True, 'has_asset_classifications': True, 'has_asset_inventory': True, 'has_asset_locations': True, 'has_asset_owners': True, 'has_deny_rules': True, 'has_employee_records': True, 'has_governance_activities': True, 'has_high_risk_vendors': True, 'has_network_rules': True, 'has_risk_register': True, 'has_risk_treatments': True, 'has_some_training': True, 'has_vendor_compliance': True, 'has_vendor_records': True, 'high_training_coverage': True, 'low_risky_rules': False}
2026-04-28 01:30:57,982 METRICS: {'training_coverage_pct': 100.0, 'risky_rule_pct': 20.0}
2026-04-28 01:30:57,995 RULE_EVALUATOR: no Python rules for 'ISO 27001' — using JSON conditions only
2026-04-28 01:30:57,996 JSON_CONDITION_EVALUATED: 63 controls
2026-04-28 01:30:57,996 EVALUATED_CONTROLS: 63
2026-04-28 01:30:57,996 SCORE_SOURCE: rule_engine
2026-04-28 01:30:57,996 RESULTS: compliant=59  partial=4  missing=0
2026-04-28 01:30:57,997 BY_SOURCE: {'json_rule_config': 63}
2026-04-28 01:30:57,997 ======================================================================
2026-04-28 01:59:56,128 ======================================================================
2026-04-28 01:59:56,129 [RUNTIME PROOF] build_framework_aware_assessment called
2026-04-28 01:59:56,129 [RUNTIME PROOF]   framework        : ISO 27001 (ISO27001)
2026-04-28 01:59:56,129 [RUNTIME PROOF]   no_controls      : False
2026-04-28 01:59:56,129 [RUNTIME PROOF]   present_types    : ['applications', 'assets', 'controls', 'employees', 'governance', 'network_rules', 'organization_profile', 'risk_register', 'vendors']
2026-04-28 01:59:56,129 [RUNTIME PROOF]   relevant_controls: 63
2026-04-28 01:59:56,129 [RUNTIME PROOF]   uploaded_controls: 4
2026-04-28 01:59:56,129 ======================================================================
2026-04-28 01:59:56,130 [RUNTIME PROOF] >>> ENTERING RULE ENGINE PATH
2026-04-28 01:59:56,131 [RUNTIME PROOF]   framework_id     : ISO 27001
2026-04-28 01:59:56,133 ======================================================================
2026-04-28 01:59:56,133 RULE_ENGINE_ACTIVE: ISO 27001
2026-04-28 01:59:56,133 SIGNALS: {'has_access_levels': True, 'has_applications': True, 'has_asset_classifications': True, 'has_asset_inventory': True, 'has_asset_locations': True, 'has_asset_owners': True, 'has_deny_rules': True, 'has_employee_records': True, 'has_governance_activities': True, 'has_high_risk_vendors': True, 'has_network_rules': True, 'has_risk_register': True, 'has_risk_treatments': True, 'has_some_training': True, 'has_vendor_compliance': True, 'has_vendor_records': True, 'high_training_coverage': True, 'low_risky_rules': False}
2026-04-28 01:59:56,133 METRICS: {'training_coverage_pct': 100.0, 'risky_rule_pct': 20.0}
2026-04-28 01:59:56,147 RULE_EVALUATOR: no Python rules for 'ISO 27001' — using JSON conditions only
2026-04-28 01:59:56,147 JSON_CONDITION_EVALUATED: 63 controls
2026-04-28 01:59:56,147 EVALUATED_CONTROLS: 63
2026-04-28 01:59:56,147 SCORE_SOURCE: rule_engine
2026-04-28 01:59:56,148 RESULTS: compliant=59  partial=4  missing=0
2026-04-28 01:59:56,148 BY_SOURCE: {'json_rule_config': 63}
2026-04-28 01:59:56,148 ======================================================================
2026-04-28 13:09:13,413 ======================================================================
2026-04-28 13:09:13,415 [RUNTIME PROOF] build_framework_aware_assessment called
2026-04-28 13:09:13,415 [RUNTIME PROOF]   framework        : HIPAA (HIPAA)
2026-04-28 13:09:13,416 [RUNTIME PROOF]   no_controls      : True
2026-04-28 13:09:13,416 [RUNTIME PROOF]   present_types    : ['assets', 'employees', 'governance', 'network_rules', 'vendors']
2026-04-28 13:09:13,416 [RUNTIME PROOF]   relevant_controls: 11
2026-04-28 13:09:13,416 [RUNTIME PROOF]   uploaded_controls: 0
2026-04-28 13:09:13,416 ======================================================================
2026-04-28 13:09:13,420 [RUNTIME PROOF] >>> ENTERING RULE ENGINE PATH
2026-04-28 13:09:13,420 [RUNTIME PROOF]   framework_id     : HIPAA
2026-04-28 13:09:13,426 ======================================================================
2026-04-28 13:09:13,426 RULE_ENGINE_ACTIVE: HIPAA
2026-04-28 13:09:13,426 SIGNALS: {'has_access_levels': True, 'has_applications': False, 'has_asset_classifications': True, 'has_asset_inventory': True, 'has_asset_locations': True, 'has_asset_owners': True, 'has_deny_rules': False, 'has_employee_records': True, 'has_governance_activities': True, 'has_high_risk_vendors': True, 'has_network_rules': True, 'has_some_training': True, 'has_vendor_compliance': False, 'has_vendor_records': True, 'high_training_coverage': True, 'low_risky_rules': False}
2026-04-28 13:09:13,426 METRICS: {'training_coverage_pct': 70.0, 'risky_rule_pct': 33.33333333333333}
2026-04-28 13:09:13,452 RULE_EVALUATOR: no Python rules for 'HIPAA' — using JSON conditions only
2026-04-28 13:09:13,452 JSON_CONDITION_EVALUATED: 11 controls
2026-04-28 13:09:13,452 EVALUATED_CONTROLS: 11
2026-04-28 13:09:13,452 SCORE_SOURCE: rule_engine
2026-04-28 13:09:13,452 RESULTS: compliant=9  partial=2  missing=0
2026-04-28 13:09:13,452 BY_SOURCE: {'json_rule_config': 11}
2026-04-28 13:09:13,452 ======================================================================
2026-04-28 14:00:45,976 ======================================================================
2026-04-28 14:00:45,978 [RUNTIME PROOF] build_framework_aware_assessment called
2026-04-28 14:00:45,978 [RUNTIME PROOF]   framework        : HIPAA (HIPAA)
2026-04-28 14:00:45,978 [RUNTIME PROOF]   no_controls      : True
2026-04-28 14:00:45,979 [RUNTIME PROOF]   present_types    : ['assets', 'employees', 'governance', 'network_rules', 'vendors']
2026-04-28 14:00:45,979 [RUNTIME PROOF]   relevant_controls: 11
2026-04-28 14:00:45,979 [RUNTIME PROOF]   uploaded_controls: 0
2026-04-28 14:00:45,980 ======================================================================
2026-04-28 14:00:45,984 [RUNTIME PROOF] >>> ENTERING RULE ENGINE PATH
2026-04-28 14:00:45,985 [RUNTIME PROOF]   framework_id     : HIPAA
2026-04-28 14:00:45,989 ======================================================================
2026-04-28 14:00:45,989 RULE_ENGINE_ACTIVE: HIPAA
2026-04-28 14:00:45,989 SIGNALS: {'has_access_levels': True, 'has_applications': False, 'has_asset_classifications': True, 'has_asset_inventory': True, 'has_asset_locations': True, 'has_asset_owners': True, 'has_deny_rules': False, 'has_employee_records': True, 'has_governance_activities': True, 'has_high_risk_vendors': True, 'has_network_rules': True, 'has_some_training': True, 'has_vendor_compliance': False, 'has_vendor_records': True, 'high_training_coverage': True, 'low_risky_rules': False}
2026-04-28 14:00:45,989 METRICS: {'training_coverage_pct': 70.0, 'risky_rule_pct': 33.33333333333333}
2026-04-28 14:00:46,011 RULE_EVALUATOR: no Python rules for 'HIPAA' — using JSON conditions only
2026-04-28 14:00:46,012 JSON_CONDITION_EVALUATED: 11 controls
2026-04-28 14:00:46,012 EVALUATED_CONTROLS: 11
2026-04-28 14:00:46,014 SCORE_SOURCE: rule_engine
2026-04-28 14:00:46,014 RESULTS: compliant=9  partial=2  missing=0
2026-04-28 14:00:46,014 BY_SOURCE: {'json_rule_config': 11}
2026-04-28 14:00:46,014 ======================================================================
2026-04-28 14:11:38,949 ======================================================================
2026-04-28 14:11:38,950 [RUNTIME PROOF] build_framework_aware_assessment called
2026-04-28 14:11:38,951 [RUNTIME PROOF]   framework        : ISO 27001 (ISO27001)
2026-04-28 14:11:38,951 [RUNTIME PROOF]   no_controls      : True
2026-04-28 14:11:38,951 [RUNTIME PROOF]   present_types    : ['assets', 'employees', 'governance', 'network_rules', 'vendors']
2026-04-28 14:11:38,952 [RUNTIME PROOF]   relevant_controls: 63
2026-04-28 14:11:38,952 [RUNTIME PROOF]   uploaded_controls: 0
2026-04-28 14:11:38,952 ======================================================================
2026-04-28 14:11:38,956 [RUNTIME PROOF] >>> ENTERING RULE ENGINE PATH
2026-04-28 14:11:38,956 [RUNTIME PROOF]   framework_id     : ISO 27001
2026-04-28 14:11:38,960 ======================================================================
2026-04-28 14:11:38,961 RULE_ENGINE_ACTIVE: ISO 27001
2026-04-28 14:11:38,961 SIGNALS: {'has_access_levels': True, 'has_applications': False, 'has_asset_classifications': True, 'has_asset_inventory': True, 'has_asset_locations': True, 'has_asset_owners': True, 'has_deny_rules': False, 'has_employee_records': True, 'has_governance_activities': True, 'has_high_risk_vendors': True, 'has_network_rules': True, 'has_some_training': True, 'has_vendor_compliance': False, 'has_vendor_records': True, 'high_training_coverage': True, 'low_risky_rules': False}
2026-04-28 14:11:38,962 METRICS: {'training_coverage_pct': 70.0, 'risky_rule_pct': 33.33333333333333}
2026-04-28 14:11:38,978 RULE_EVALUATOR: no Python rules for 'ISO 27001' — using JSON conditions only
2026-04-28 14:11:38,980 JSON_CONDITION_EVALUATED: 63 controls
2026-04-28 14:11:38,980 EVALUATED_CONTROLS: 63
2026-04-28 14:11:38,980 SCORE_SOURCE: rule_engine
2026-04-28 14:11:38,981 RESULTS: compliant=53  partial=10  missing=0
2026-04-28 14:11:38,981 BY_SOURCE: {'json_rule_config': 63}
2026-04-28 14:11:38,981 ======================================================================
2026-04-28 14:14:06,436 ======================================================================
2026-04-28 14:14:06,436 [RUNTIME PROOF] build_framework_aware_assessment called
2026-04-28 14:14:06,436 [RUNTIME PROOF]   framework        : ISO 27001 (ISO27001)
2026-04-28 14:14:06,436 [RUNTIME PROOF]   no_controls      : True
2026-04-28 14:14:06,436 [RUNTIME PROOF]   present_types    : ['assets', 'employees', 'governance', 'network_rules', 'vendors']
2026-04-28 14:14:06,436 [RUNTIME PROOF]   relevant_controls: 63
2026-04-28 14:14:06,436 [RUNTIME PROOF]   uploaded_controls: 0
2026-04-28 14:14:06,436 ======================================================================
2026-04-28 14:14:06,438 [RUNTIME PROOF] >>> ENTERING RULE ENGINE PATH
2026-04-28 14:14:06,438 [RUNTIME PROOF]   framework_id     : ISO 27001
2026-04-28 14:14:06,438 ======================================================================
2026-04-28 14:14:06,438 RULE_ENGINE_ACTIVE: ISO 27001
2026-04-28 14:14:06,438 SIGNALS: {'has_access_levels': True, 'has_applications': False, 'has_asset_classifications': True, 'has_asset_inventory': True, 'has_asset_locations': True, 'has_asset_owners': True, 'has_deny_rules': False, 'has_employee_records': True, 'has_governance_activities': True, 'has_high_risk_vendors': True, 'has_network_rules': True, 'has_some_training': True, 'has_vendor_compliance': False, 'has_vendor_records': True, 'high_training_coverage': True, 'low_risky_rules': False}
2026-04-28 14:14:06,438 METRICS: {'training_coverage_pct': 70.0, 'risky_rule_pct': 33.33333333333333}
2026-04-28 14:14:06,438 RULE_EVALUATOR: no Python rules for 'ISO 27001' — using JSON conditions only
2026-04-28 14:14:06,439 JSON_CONDITION_EVALUATED: 63 controls
2026-04-28 14:14:06,439 EVALUATED_CONTROLS: 63
2026-04-28 14:14:06,440 SCORE_SOURCE: rule_engine
2026-04-28 14:14:06,440 RESULTS: compliant=53  partial=10  missing=0
2026-04-28 14:14:06,440 BY_SOURCE: {'json_rule_config': 63}
2026-04-28 14:14:06,440 ======================================================================
2026-04-28 14:16:43,372 ======================================================================
2026-04-28 14:16:43,372 [RUNTIME PROOF] build_framework_aware_assessment called
2026-04-28 14:16:43,373 [RUNTIME PROOF]   framework        : ISO 27001 (ISO27001)
2026-04-28 14:16:43,373 [RUNTIME PROOF]   no_controls      : True
2026-04-28 14:16:43,373 [RUNTIME PROOF]   present_types    : ['assets', 'employees', 'governance', 'network_rules', 'vendors']
2026-04-28 14:16:43,373 [RUNTIME PROOF]   relevant_controls: 63
2026-04-28 14:16:43,374 [RUNTIME PROOF]   uploaded_controls: 0
2026-04-28 14:16:43,374 ======================================================================
2026-04-28 14:16:43,376 [RUNTIME PROOF] >>> ENTERING RULE ENGINE PATH
2026-04-28 14:16:43,377 [RUNTIME PROOF]   framework_id     : ISO 27001
2026-04-28 14:16:43,379 ======================================================================
2026-04-28 14:16:43,379 RULE_ENGINE_ACTIVE: ISO 27001
2026-04-28 14:16:43,379 SIGNALS: {'has_access_levels': True, 'has_applications': False, 'has_asset_classifications': True, 'has_asset_inventory': True, 'has_asset_locations': True, 'has_asset_owners': True, 'has_deny_rules': False, 'has_employee_records': True, 'has_governance_activities': True, 'has_high_risk_vendors': True, 'has_network_rules': True, 'has_some_training': True, 'has_vendor_compliance': False, 'has_vendor_records': True, 'high_training_coverage': True, 'low_risky_rules': False}
2026-04-28 14:16:43,380 METRICS: {'training_coverage_pct': 70.0, 'risky_rule_pct': 33.33333333333333}
2026-04-28 14:16:43,394 RULE_EVALUATOR: no Python rules for 'ISO 27001' — using JSON conditions only
2026-04-28 14:16:43,395 JSON_CONDITION_EVALUATED: 63 controls
2026-04-28 14:16:43,395 EVALUATED_CONTROLS: 63
2026-04-28 14:16:43,396 SCORE_SOURCE: rule_engine
2026-04-28 14:16:43,396 RESULTS: compliant=53  partial=10  missing=0
2026-04-28 14:16:43,396 BY_SOURCE: {'json_rule_config': 63}
2026-04-28 14:16:43,396 ======================================================================
2026-04-28 14:22:57,694 ======================================================================
2026-04-28 14:22:57,695 [RUNTIME PROOF] build_framework_aware_assessment called
2026-04-28 14:22:57,695 [RUNTIME PROOF]   framework        : ISO 27001 (ISO27001)
2026-04-28 14:22:57,695 [RUNTIME PROOF]   no_controls      : True
2026-04-28 14:22:57,696 [RUNTIME PROOF]   present_types    : ['assets', 'employees', 'governance', 'network_rules', 'vendors']
2026-04-28 14:22:57,696 [RUNTIME PROOF]   relevant_controls: 63
2026-04-28 14:22:57,696 [RUNTIME PROOF]   uploaded_controls: 0
2026-04-28 14:22:57,696 ======================================================================
2026-04-28 14:22:57,700 [RUNTIME PROOF] >>> ENTERING RULE ENGINE PATH
2026-04-28 14:22:57,700 [RUNTIME PROOF]   framework_id     : ISO 27001
2026-04-28 14:22:57,704 ======================================================================
2026-04-28 14:22:57,704 RULE_ENGINE_ACTIVE: ISO 27001
2026-04-28 14:22:57,704 SIGNALS: {'has_access_levels': True, 'has_applications': False, 'has_asset_classifications': True, 'has_asset_inventory': True, 'has_asset_locations': True, 'has_asset_owners': True, 'has_deny_rules': False, 'has_employee_records': True, 'has_governance_activities': True, 'has_high_risk_vendors': True, 'has_network_rules': True, 'has_some_training': True, 'has_vendor_compliance': False, 'has_vendor_records': True, 'high_training_coverage': True, 'low_risky_rules': False}
2026-04-28 14:22:57,704 METRICS: {'training_coverage_pct': 70.0, 'risky_rule_pct': 33.33333333333333}
2026-04-28 14:22:57,718 RULE_EVALUATOR: no Python rules for 'ISO 27001' — using JSON conditions only
2026-04-28 14:22:57,720 JSON_CONDITION_EVALUATED: 63 controls
2026-04-28 14:22:57,720 EVALUATED_CONTROLS: 63
2026-04-28 14:22:57,720 SCORE_SOURCE: rule_engine
2026-04-28 14:22:57,720 RESULTS: compliant=53  partial=10  missing=0
2026-04-28 14:22:57,720 BY_SOURCE: {'json_rule_config': 63}
2026-04-28 14:22:57,721 ======================================================================
2026-04-28 14:25:53,291 ======================================================================
2026-04-28 14:25:53,291 [RUNTIME PROOF] build_framework_aware_assessment called
2026-04-28 14:25:53,291 [RUNTIME PROOF]   framework        : HIPAA (HIPAA)
2026-04-28 14:25:53,292 [RUNTIME PROOF]   no_controls      : True
2026-04-28 14:25:53,292 [RUNTIME PROOF]   present_types    : ['assets', 'employees', 'governance', 'network_rules', 'vendors']
2026-04-28 14:25:53,292 [RUNTIME PROOF]   relevant_controls: 11
2026-04-28 14:25:53,292 [RUNTIME PROOF]   uploaded_controls: 0
2026-04-28 14:25:53,292 ======================================================================
2026-04-28 14:25:53,292 [RUNTIME PROOF] >>> ENTERING RULE ENGINE PATH
2026-04-28 14:25:53,292 [RUNTIME PROOF]   framework_id     : HIPAA
2026-04-28 14:25:53,294 ======================================================================
2026-04-28 14:25:53,294 RULE_ENGINE_ACTIVE: HIPAA
2026-04-28 14:25:53,294 SIGNALS: {'has_access_levels': True, 'has_applications': False, 'has_asset_classifications': True, 'has_asset_inventory': True, 'has_asset_locations': True, 'has_asset_owners': True, 'has_deny_rules': False, 'has_employee_records': True, 'has_governance_activities': True, 'has_high_risk_vendors': True, 'has_network_rules': True, 'has_some_training': True, 'has_vendor_compliance': False, 'has_vendor_records': True, 'high_training_coverage': True, 'low_risky_rules': False}
2026-04-28 14:25:53,294 METRICS: {'training_coverage_pct': 70.0, 'risky_rule_pct': 33.33333333333333}
2026-04-28 14:25:53,294 RULE_EVALUATOR: no Python rules for 'HIPAA' — using JSON conditions only
2026-04-28 14:25:53,295 JSON_CONDITION_EVALUATED: 11 controls
2026-04-28 14:25:53,295 EVALUATED_CONTROLS: 11
2026-04-28 14:25:53,295 SCORE_SOURCE: rule_engine
2026-04-28 14:25:53,295 RESULTS: compliant=9  partial=2  missing=0
2026-04-28 14:25:53,295 BY_SOURCE: {'json_rule_config': 11}
2026-04-28 14:25:53,296 ======================================================================
2026-04-28 14:34:51,757 ======================================================================
2026-04-28 14:34:51,757 [RUNTIME PROOF] build_framework_aware_assessment called
2026-04-28 14:34:51,757 [RUNTIME PROOF]   framework        : HIPAA (HIPAA)
2026-04-28 14:34:51,757 [RUNTIME PROOF]   no_controls      : True
2026-04-28 14:34:51,757 [RUNTIME PROOF]   present_types    : ['assets', 'employees', 'governance', 'network_rules', 'vendors']
2026-04-28 14:34:51,759 [RUNTIME PROOF]   relevant_controls: 11
2026-04-28 14:34:51,759 [RUNTIME PROOF]   uploaded_controls: 0
2026-04-28 14:34:51,759 ======================================================================
2026-04-28 14:34:51,761 [RUNTIME PROOF] >>> ENTERING RULE ENGINE PATH
2026-04-28 14:34:51,761 [RUNTIME PROOF]   framework_id     : HIPAA
2026-04-28 14:34:51,763 ======================================================================
2026-04-28 14:34:51,763 RULE_ENGINE_ACTIVE: HIPAA
2026-04-28 14:34:51,763 SIGNALS: {'has_access_levels': True, 'has_applications': False, 'has_asset_classifications': True, 'has_asset_inventory': True, 'has_asset_locations': True, 'has_asset_owners': True, 'has_deny_rules': False, 'has_employee_records': True, 'has_governance_activities': True, 'has_high_risk_vendors': True, 'has_network_rules': True, 'has_some_training': True, 'has_vendor_compliance': False, 'has_vendor_records': True, 'high_training_coverage': True, 'low_risky_rules': False}
2026-04-28 14:34:51,763 METRICS: {'training_coverage_pct': 70.0, 'risky_rule_pct': 33.33333333333333}
2026-04-28 14:34:51,774 RULE_EVALUATOR: no Python rules for 'HIPAA' — using JSON conditions only
2026-04-28 14:34:51,774 JSON_CONDITION_EVALUATED: 11 controls
2026-04-28 14:34:51,774 EVALUATED_CONTROLS: 11
2026-04-28 14:34:51,774 SCORE_SOURCE: rule_engine
2026-04-28 14:34:51,774 RESULTS: compliant=9  partial=2  missing=0
2026-04-28 14:34:51,775 BY_SOURCE: {'json_rule_config': 11}
2026-04-28 14:34:51,775 ======================================================================
2026-04-28 14:42:07,726 ======================================================================
2026-04-28 14:42:07,728 [RUNTIME PROOF] build_framework_aware_assessment called
2026-04-28 14:42:07,728 [RUNTIME PROOF]   framework        : HIPAA (HIPAA)
2026-04-28 14:42:07,728 [RUNTIME PROOF]   no_controls      : True
2026-04-28 14:42:07,728 [RUNTIME PROOF]   present_types    : ['assets', 'employees', 'governance', 'network_rules', 'vendors']
2026-04-28 14:42:07,728 [RUNTIME PROOF]   relevant_controls: 11
2026-04-28 14:42:07,728 [RUNTIME PROOF]   uploaded_controls: 0
2026-04-28 14:42:07,728 ======================================================================
2026-04-28 14:42:07,729 [RUNTIME PROOF] >>> ENTERING RULE ENGINE PATH
2026-04-28 14:42:07,730 [RUNTIME PROOF]   framework_id     : HIPAA
2026-04-28 14:42:07,731 ======================================================================
2026-04-28 14:42:07,731 RULE_ENGINE_ACTIVE: HIPAA
2026-04-28 14:42:07,731 SIGNALS: {'has_access_levels': True, 'has_applications': False, 'has_asset_classifications': True, 'has_asset_inventory': True, 'has_asset_locations': True, 'has_asset_owners': True, 'has_deny_rules': False, 'has_employee_records': True, 'has_governance_activities': True, 'has_high_risk_vendors': True, 'has_network_rules': True, 'has_some_training': True, 'has_vendor_compliance': False, 'has_vendor_records': True, 'high_training_coverage': True, 'low_risky_rules': False}
2026-04-28 14:42:07,732 METRICS: {'training_coverage_pct': 70.0, 'risky_rule_pct': 33.33333333333333}
2026-04-28 14:42:07,740 RULE_EVALUATOR: no Python rules for 'HIPAA' — using JSON conditions only
2026-04-28 14:42:07,740 JSON_CONDITION_EVALUATED: 11 controls
2026-04-28 14:42:07,740 EVALUATED_CONTROLS: 11
2026-04-28 14:42:07,741 SCORE_SOURCE: rule_engine
2026-04-28 14:42:07,741 RESULTS: compliant=9  partial=2  missing=0
2026-04-28 14:42:07,741 BY_SOURCE: {'json_rule_config': 11}
2026-04-28 14:42:07,741 ======================================================================
2026-04-28 14:46:56,892 ======================================================================
2026-04-28 14:46:56,892 [RUNTIME PROOF] build_framework_aware_assessment called
2026-04-28 14:46:56,892 [RUNTIME PROOF]   framework        : HIPAA (HIPAA)
2026-04-28 14:46:56,892 [RUNTIME PROOF]   no_controls      : True
2026-04-28 14:46:56,894 [RUNTIME PROOF]   present_types    : ['assets', 'employees', 'governance', 'network_rules', 'vendors']
2026-04-28 14:46:56,894 [RUNTIME PROOF]   relevant_controls: 11
2026-04-28 14:46:56,894 [RUNTIME PROOF]   uploaded_controls: 0
2026-04-28 14:46:56,894 ======================================================================
2026-04-28 14:46:56,896 [RUNTIME PROOF] >>> ENTERING RULE ENGINE PATH
2026-04-28 14:46:56,896 [RUNTIME PROOF]   framework_id     : HIPAA
2026-04-28 14:46:56,900 ======================================================================
2026-04-28 14:46:56,901 RULE_ENGINE_ACTIVE: HIPAA
2026-04-28 14:46:56,901 SIGNALS: {'has_access_levels': True, 'has_applications': False, 'has_asset_classifications': True, 'has_asset_inventory': True, 'has_asset_locations': True, 'has_asset_owners': True, 'has_deny_rules': False, 'has_employee_records': True, 'has_governance_activities': True, 'has_high_risk_vendors': True, 'has_network_rules': True, 'has_some_training': True, 'has_vendor_compliance': False, 'has_vendor_records': True, 'high_training_coverage': True, 'low_risky_rules': False}
2026-04-28 14:46:56,901 METRICS: {'training_coverage_pct': 70.0, 'risky_rule_pct': 33.33333333333333}
2026-04-28 14:46:56,911 RULE_EVALUATOR: no Python rules for 'HIPAA' — using JSON conditions only
2026-04-28 14:46:56,911 JSON_CONDITION_EVALUATED: 11 controls
2026-04-28 14:46:56,911 EVALUATED_CONTROLS: 11
2026-04-28 14:46:56,911 SCORE_SOURCE: rule_engine
2026-04-28 14:46:56,911 RESULTS: compliant=9  partial=2  missing=0
2026-04-28 14:46:56,911 BY_SOURCE: {'json_rule_config': 11}
2026-04-28 14:46:56,911 ======================================================================
2026-04-28 17:28:51,136 ======================================================================
2026-04-28 17:28:51,137 [RUNTIME PROOF] build_framework_aware_assessment called
2026-04-28 17:28:51,137 [RUNTIME PROOF]   framework        : HIPAA (HIPAA)
2026-04-28 17:28:51,137 [RUNTIME PROOF]   no_controls      : True
2026-04-28 17:28:51,137 [RUNTIME PROOF]   present_types    : ['assets', 'employees', 'governance', 'network_rules', 'vendors']
2026-04-28 17:28:51,137 [RUNTIME PROOF]   relevant_controls: 11
2026-04-28 17:28:51,137 [RUNTIME PROOF]   uploaded_controls: 0
2026-04-28 17:28:51,137 ======================================================================
2026-04-28 17:28:51,140 [RUNTIME PROOF] >>> ENTERING RULE ENGINE PATH
2026-04-28 17:28:51,140 [RUNTIME PROOF]   framework_id     : HIPAA
2026-04-28 17:28:51,142 ======================================================================
2026-04-28 17:28:51,142 RULE_ENGINE_ACTIVE: HIPAA
2026-04-28 17:28:51,142 SIGNALS: {'has_access_levels': True, 'has_applications': False, 'has_asset_classifications': True, 'has_asset_inventory': True, 'has_asset_locations': True, 'has_asset_owners': True, 'has_deny_rules': False, 'has_employee_records': True, 'has_governance_activities': True, 'has_high_risk_vendors': True, 'has_network_rules': True, 'has_some_training': True, 'has_vendor_compliance': False, 'has_vendor_records': True, 'high_training_coverage': True, 'low_risky_rules': False}
2026-04-28 17:28:51,142 METRICS: {'training_coverage_pct': 70.0, 'risky_rule_pct': 33.33333333333333}
2026-04-28 17:28:51,154 RULE_EVALUATOR: no Python rules for 'HIPAA' — using JSON conditions only
2026-04-28 17:28:51,154 JSON_CONDITION_EVALUATED: 11 controls
2026-04-28 17:28:51,154 EVALUATED_CONTROLS: 11
2026-04-28 17:28:51,154 SCORE_SOURCE: rule_engine
2026-04-28 17:28:51,154 RESULTS: compliant=9  partial=2  missing=0
2026-04-28 17:28:51,154 BY_SOURCE: {'json_rule_config': 11}
2026-04-28 17:28:51,154 ======================================================================
2026-04-28 17:44:11,310 ======================================================================
2026-04-28 17:44:11,310 [RUNTIME PROOF] build_framework_aware_assessment called
2026-04-28 17:44:11,312 [RUNTIME PROOF]   framework        : HIPAA (HIPAA)
2026-04-28 17:44:11,312 [RUNTIME PROOF]   no_controls      : True
2026-04-28 17:44:11,312 [RUNTIME PROOF]   present_types    : ['assets', 'employees', 'governance', 'network_rules', 'vendors']
2026-04-28 17:44:11,312 [RUNTIME PROOF]   relevant_controls: 11
2026-04-28 17:44:11,312 [RUNTIME PROOF]   uploaded_controls: 0
2026-04-28 17:44:11,312 ======================================================================
2026-04-28 17:44:11,314 [RUNTIME PROOF] >>> ENTERING RULE ENGINE PATH
2026-04-28 17:44:11,314 [RUNTIME PROOF]   framework_id     : HIPAA
2026-04-28 17:44:11,330 ======================================================================
2026-04-28 17:44:11,330 RULE_ENGINE_ACTIVE: HIPAA
2026-04-28 17:44:11,330 SIGNALS: {'has_access_levels': True, 'has_applications': False, 'has_asset_classifications': True, 'has_asset_inventory': True, 'has_asset_locations': True, 'has_asset_owners': True, 'has_deny_rules': False, 'has_employee_records': True, 'has_governance_activities': True, 'has_high_risk_vendors': True, 'has_network_rules': True, 'has_some_training': True, 'has_vendor_compliance': False, 'has_vendor_records': True, 'high_training_coverage': True, 'low_risky_rules': False}
2026-04-28 17:44:11,330 METRICS: {'training_coverage_pct': 70.0, 'risky_rule_pct': 33.33333333333333}
2026-04-28 17:44:11,342 RULE_EVALUATOR: no Python rules for 'HIPAA' — using JSON conditions only
2026-04-28 17:44:11,342 JSON_CONDITION_EVALUATED: 11 controls
2026-04-28 17:44:11,342 EVALUATED_CONTROLS: 11
2026-04-28 17:44:11,342 SCORE_SOURCE: rule_engine
2026-04-28 17:44:11,343 RESULTS: compliant=9  partial=2  missing=0
2026-04-28 17:44:11,343 BY_SOURCE: {'json_rule_config': 11}
2026-04-28 17:44:11,343 ======================================================================
2026-04-28 18:09:28,019 ======================================================================
2026-04-28 18:09:28,019 [RUNTIME PROOF] build_framework_aware_assessment called
2026-04-28 18:09:28,019 [RUNTIME PROOF]   framework        : HIPAA (HIPAA)
2026-04-28 18:09:28,019 [RUNTIME PROOF]   no_controls      : True
2026-04-28 18:09:28,019 [RUNTIME PROOF]   present_types    : ['assets', 'employees', 'governance', 'network_rules', 'vendors']
2026-04-28 18:09:28,019 [RUNTIME PROOF]   relevant_controls: 11
2026-04-28 18:09:28,019 [RUNTIME PROOF]   uploaded_controls: 0
2026-04-28 18:09:28,020 ======================================================================
2026-04-28 18:09:28,021 [RUNTIME PROOF] >>> ENTERING RULE ENGINE PATH
2026-04-28 18:09:28,021 [RUNTIME PROOF]   framework_id     : HIPAA
2026-04-28 18:09:28,023 ======================================================================
2026-04-28 18:09:28,023 RULE_ENGINE_ACTIVE: HIPAA
2026-04-28 18:09:28,023 SIGNALS: {'has_access_levels': True, 'has_applications': False, 'has_asset_classifications': True, 'has_asset_inventory': True, 'has_asset_locations': True, 'has_asset_owners': True, 'has_deny_rules': False, 'has_employee_records': True, 'has_governance_activities': True, 'has_high_risk_vendors': True, 'has_network_rules': True, 'has_some_training': True, 'has_vendor_compliance': False, 'has_vendor_records': True, 'high_training_coverage': True, 'low_risky_rules': False}
2026-04-28 18:09:28,023 METRICS: {'training_coverage_pct': 70.0, 'risky_rule_pct': 33.33333333333333}
2026-04-28 18:09:28,033 RULE_EVALUATOR: no Python rules for 'HIPAA' — using JSON conditions only
2026-04-28 18:09:28,033 JSON_CONDITION_EVALUATED: 11 controls
2026-04-28 18:09:28,034 EVALUATED_CONTROLS: 11
2026-04-28 18:09:28,034 SCORE_SOURCE: rule_engine
2026-04-28 18:09:28,034 RESULTS: compliant=9  partial=2  missing=0
2026-04-28 18:09:28,035 BY_SOURCE: {'json_rule_config': 11}
2026-04-28 18:09:28,035 ======================================================================
2026-04-28 18:31:27,589 ======================================================================
2026-04-28 18:31:27,589 [RUNTIME PROOF] build_framework_aware_assessment called
2026-04-28 18:31:27,589 [RUNTIME PROOF]   framework        : HIPAA (HIPAA)
2026-04-28 18:31:27,589 [RUNTIME PROOF]   no_controls      : True
2026-04-28 18:31:27,590 [RUNTIME PROOF]   present_types    : ['assets', 'employees', 'governance', 'network_rules', 'vendors']
2026-04-28 18:31:27,590 [RUNTIME PROOF]   relevant_controls: 11
2026-04-28 18:31:27,590 [RUNTIME PROOF]   uploaded_controls: 0
2026-04-28 18:31:27,590 ======================================================================
2026-04-28 18:31:27,591 [RUNTIME PROOF] >>> ENTERING RULE ENGINE PATH
2026-04-28 18:31:27,591 [RUNTIME PROOF]   framework_id     : HIPAA
2026-04-28 18:31:27,593 ======================================================================
2026-04-28 18:31:27,593 RULE_ENGINE_ACTIVE: HIPAA
2026-04-28 18:31:27,593 SIGNALS: {'has_access_levels': True, 'has_applications': False, 'has_asset_classifications': True, 'has_asset_inventory': True, 'has_asset_locations': True, 'has_asset_owners': True, 'has_deny_rules': False, 'has_employee_records': True, 'has_governance_activities': True, 'has_high_risk_vendors': True, 'has_network_rules': True, 'has_some_training': True, 'has_vendor_compliance': False, 'has_vendor_records': True, 'high_training_coverage': True, 'low_risky_rules': False}
2026-04-28 18:31:27,593 METRICS: {'training_coverage_pct': 70.0, 'risky_rule_pct': 33.33333333333333}
2026-04-28 18:31:27,599 RULE_EVALUATOR: no Python rules for 'HIPAA' — using JSON conditions only
2026-04-28 18:31:27,600 JSON_CONDITION_EVALUATED: 11 controls
2026-04-28 18:31:27,600 EVALUATED_CONTROLS: 11
2026-04-28 18:31:27,600 SCORE_SOURCE: rule_engine
2026-04-28 18:31:27,601 RESULTS: compliant=9  partial=2  missing=0
2026-04-28 18:31:27,601 BY_SOURCE: {'json_rule_config': 11}
2026-04-28 18:31:27,601 ======================================================================
2026-04-28 19:45:47,151 ======================================================================
2026-04-28 19:45:47,151 [RUNTIME PROOF] build_framework_aware_assessment called
2026-04-28 19:45:47,151 [RUNTIME PROOF]   framework        : HIPAA (HIPAA)
2026-04-28 19:45:47,151 [RUNTIME PROOF]   no_controls      : True
2026-04-28 19:45:47,151 [RUNTIME PROOF]   present_types    : ['assets', 'employees', 'governance', 'network_rules', 'vendors']
2026-04-28 19:45:47,151 [RUNTIME PROOF]   relevant_controls: 11
2026-04-28 19:45:47,151 [RUNTIME PROOF]   uploaded_controls: 0
2026-04-28 19:45:47,151 ======================================================================
2026-04-28 19:45:47,154 [RUNTIME PROOF] >>> ENTERING RULE ENGINE PATH
2026-04-28 19:45:47,154 [RUNTIME PROOF]   framework_id     : HIPAA
2026-04-28 19:45:47,155 ======================================================================
2026-04-28 19:45:47,155 RULE_ENGINE_ACTIVE: HIPAA
2026-04-28 19:45:47,155 SIGNALS: {'has_access_levels': True, 'has_applications': False, 'has_asset_classifications': True, 'has_asset_inventory': True, 'has_asset_locations': True, 'has_asset_owners': True, 'has_deny_rules': False, 'has_employee_records': True, 'has_governance_activities': True, 'has_high_risk_vendors': True, 'has_network_rules': True, 'has_some_training': True, 'has_vendor_compliance': False, 'has_vendor_records': True, 'high_training_coverage': True, 'low_risky_rules': False}
2026-04-28 19:45:47,155 METRICS: {'training_coverage_pct': 70.0, 'risky_rule_pct': 33.33333333333333}
2026-04-28 19:45:47,160 RULE_EVALUATOR: no Python rules for 'HIPAA' — using JSON conditions only
2026-04-28 19:45:47,160 JSON_CONDITION_EVALUATED: 11 controls
2026-04-28 19:45:47,161 EVALUATED_CONTROLS: 11
2026-04-28 19:45:47,161 SCORE_SOURCE: rule_engine
2026-04-28 19:45:47,161 RESULTS: compliant=9  partial=2  missing=0
2026-04-28 19:45:47,161 BY_SOURCE: {'json_rule_config': 11}
2026-04-28 19:45:47,161 ======================================================================
2026-04-28 19:52:54,598 ======================================================================
2026-04-28 19:52:54,598 [RUNTIME PROOF] build_framework_aware_assessment called
2026-04-28 19:52:54,598 [RUNTIME PROOF]   framework        : HIPAA (HIPAA)
2026-04-28 19:52:54,598 [RUNTIME PROOF]   no_controls      : True
2026-04-28 19:52:54,598 [RUNTIME PROOF]   present_types    : ['assets', 'employees', 'governance', 'network_rules', 'vendors']
2026-04-28 19:52:54,599 [RUNTIME PROOF]   relevant_controls: 11
2026-04-28 19:52:54,599 [RUNTIME PROOF]   uploaded_controls: 0
2026-04-28 19:52:54,599 ======================================================================
2026-04-28 19:52:54,599 [RUNTIME PROOF] >>> ENTERING RULE ENGINE PATH
2026-04-28 19:52:54,599 [RUNTIME PROOF]   framework_id     : HIPAA
2026-04-28 19:52:54,599 ======================================================================
2026-04-28 19:52:54,599 RULE_ENGINE_ACTIVE: HIPAA
2026-04-28 19:52:54,599 SIGNALS: {'has_access_levels': True, 'has_applications': False, 'has_asset_classifications': True, 'has_asset_inventory': True, 'has_asset_locations': True, 'has_asset_owners': True, 'has_deny_rules': False, 'has_employee_records': True, 'has_governance_activities': True, 'has_high_risk_vendors': True, 'has_network_rules': True, 'has_some_training': True, 'has_vendor_compliance': False, 'has_vendor_records': True, 'high_training_coverage': True, 'low_risky_rules': False}
2026-04-28 19:52:54,599 METRICS: {'training_coverage_pct': 70.0, 'risky_rule_pct': 33.33333333333333}
2026-04-28 19:52:54,599 RULE_EVALUATOR: no Python rules for 'HIPAA' — using JSON conditions only
2026-04-28 19:52:54,599 JSON_CONDITION_EVALUATED: 11 controls
2026-04-28 19:52:54,599 EVALUATED_CONTROLS: 11
2026-04-28 19:52:54,599 SCORE_SOURCE: rule_engine
2026-04-28 19:52:54,599 RESULTS: compliant=9  partial=2  missing=0
2026-04-28 19:52:54,599 BY_SOURCE: {'json_rule_config': 11}
2026-04-28 19:52:54,599 ======================================================================
2026-04-28 20:23:12,625 ======================================================================
2026-04-28 20:23:12,626 [RUNTIME PROOF] build_framework_aware_assessment called
2026-04-28 20:23:12,626 [RUNTIME PROOF]   framework        : PCI DSS (PCI DSS)
2026-04-28 20:23:12,626 [RUNTIME PROOF]   no_controls      : True
2026-04-28 20:23:12,626 [RUNTIME PROOF]   present_types    : ['assets', 'employees', 'governance', 'network_rules', 'risk_register', 'vendors']
2026-04-28 20:23:12,626 [RUNTIME PROOF]   relevant_controls: 12
2026-04-28 20:23:12,626 [RUNTIME PROOF]   uploaded_controls: 0
2026-04-28 20:23:12,626 ======================================================================
2026-04-28 20:23:12,629 [RUNTIME PROOF] >>> ENTERING RULE ENGINE PATH
2026-04-28 20:23:12,629 [RUNTIME PROOF]   framework_id     : PCI DSS
2026-04-28 20:23:12,631 ======================================================================
2026-04-28 20:23:12,631 RULE_ENGINE_ACTIVE: PCI DSS
2026-04-28 20:23:12,631 SIGNALS: {'has_access_levels': True, 'has_applications': False, 'has_asset_classifications': False, 'has_asset_inventory': True, 'has_asset_locations': True, 'has_asset_owners': False, 'has_deny_rules': False, 'has_employee_records': True, 'has_governance_activities': True, 'has_high_risk_vendors': False, 'has_network_rules': True, 'has_risk_register': True, 'has_risk_treatments': False, 'has_some_training': False, 'has_vendor_compliance': False, 'has_vendor_records': True, 'high_training_coverage': False, 'low_risky_rules': True}
2026-04-28 20:23:12,631 METRICS: {'training_coverage_pct': 0.0, 'risky_rule_pct': 0.0}
2026-04-28 20:23:12,645 RULE_EVALUATOR: no Python rules for 'PCI DSS' — using JSON conditions only
2026-04-28 20:23:12,645 JSON_CONDITION_EVALUATED: 12 controls
2026-04-28 20:23:12,645 EVALUATED_CONTROLS: 12
2026-04-28 20:23:12,645 SCORE_SOURCE: rule_engine
2026-04-28 20:23:12,645 RESULTS: compliant=11  partial=1  missing=0
2026-04-28 20:23:12,645 BY_SOURCE: {'json_rule_config': 12}
2026-04-28 20:23:12,646 ======================================================================
2026-04-28 20:37:32,143 ======================================================================
2026-04-28 20:37:32,144 [RUNTIME PROOF] build_framework_aware_assessment called
2026-04-28 20:37:32,144 [RUNTIME PROOF]   framework        : PCI DSS (PCI DSS)
2026-04-28 20:37:32,144 [RUNTIME PROOF]   no_controls      : True
2026-04-28 20:37:32,144 [RUNTIME PROOF]   present_types    : ['assets', 'employees', 'governance', 'network_rules', 'risk_register', 'vendors']
2026-04-28 20:37:32,144 [RUNTIME PROOF]   relevant_controls: 12
2026-04-28 20:37:32,145 [RUNTIME PROOF]   uploaded_controls: 0
2026-04-28 20:37:32,145 ======================================================================
2026-04-28 20:37:32,148 [RUNTIME PROOF] >>> ENTERING RULE ENGINE PATH
2026-04-28 20:37:32,148 [RUNTIME PROOF]   framework_id     : PCI DSS
2026-04-28 20:37:32,151 ======================================================================
2026-04-28 20:37:32,151 RULE_ENGINE_ACTIVE: PCI DSS
2026-04-28 20:37:32,151 SIGNALS: {'has_access_levels': True, 'has_applications': False, 'has_asset_classifications': False, 'has_asset_inventory': True, 'has_asset_locations': True, 'has_asset_owners': False, 'has_deny_rules': False, 'has_employee_records': True, 'has_governance_activities': True, 'has_high_risk_vendors': False, 'has_network_rules': True, 'has_risk_register': True, 'has_risk_treatments': False, 'has_some_training': False, 'has_vendor_compliance': False, 'has_vendor_records': True, 'high_training_coverage': False, 'low_risky_rules': True}
2026-04-28 20:37:32,151 METRICS: {'training_coverage_pct': 0.0, 'risky_rule_pct': 0.0}
2026-04-28 20:37:32,163 RULE_EVALUATOR: no Python rules for 'PCI DSS' — using JSON conditions only
2026-04-28 20:37:32,163 JSON_CONDITION_EVALUATED: 12 controls
2026-04-28 20:37:32,164 EVALUATED_CONTROLS: 12
2026-04-28 20:37:32,164 SCORE_SOURCE: rule_engine
2026-04-28 20:37:32,164 RESULTS: compliant=8  partial=3  missing=1
2026-04-28 20:37:32,164 BY_SOURCE: {'json_rule_config': 12}
2026-04-28 20:37:32,164 ======================================================================
2026-04-28 20:58:31,226 ======================================================================
2026-04-28 20:58:31,226 [RUNTIME PROOF] build_framework_aware_assessment called
2026-04-28 20:58:31,227 [RUNTIME PROOF]   framework        : PCI DSS (PCI DSS)
2026-04-28 20:58:31,227 [RUNTIME PROOF]   no_controls      : True
2026-04-28 20:58:31,227 [RUNTIME PROOF]   present_types    : ['assets', 'employees', 'governance', 'network_rules', 'risk_register', 'vendors']
2026-04-28 20:58:31,227 [RUNTIME PROOF]   relevant_controls: 12
2026-04-28 20:58:31,227 [RUNTIME PROOF]   uploaded_controls: 0
2026-04-28 20:58:31,227 ======================================================================
2026-04-28 20:58:31,229 [RUNTIME PROOF] >>> ENTERING RULE ENGINE PATH
2026-04-28 20:58:31,229 [RUNTIME PROOF]   framework_id     : PCI DSS
2026-04-28 20:58:31,233 ======================================================================
2026-04-28 20:58:31,233 RULE_ENGINE_ACTIVE: PCI DSS
2026-04-28 20:58:31,233 SIGNALS: {'has_access_levels': True, 'has_applications': False, 'has_asset_classifications': False, 'has_asset_inventory': True, 'has_asset_locations': True, 'has_asset_owners': False, 'has_deny_rules': False, 'has_employee_records': True, 'has_governance_activities': True, 'has_high_risk_vendors': False, 'has_network_rules': True, 'has_risk_register': True, 'has_risk_treatments': False, 'has_some_training': False, 'has_vendor_compliance': False, 'has_vendor_records': True, 'high_training_coverage': False, 'low_risky_rules': True}
2026-04-28 20:58:31,233 METRICS: {'training_coverage_pct': 0.0, 'risky_rule_pct': 0.0}
2026-04-28 20:58:31,248 RULE_EVALUATOR: no Python rules for 'PCI DSS' — using JSON conditions only
2026-04-28 20:58:31,248 JSON_CONDITION_EVALUATED: 12 controls
2026-04-28 20:58:31,248 EVALUATED_CONTROLS: 12
2026-04-28 20:58:31,249 SCORE_SOURCE: rule_engine
2026-04-28 20:58:31,249 RESULTS: compliant=8  partial=3  missing=1
2026-04-28 20:58:31,249 BY_SOURCE: {'json_rule_config': 12}
2026-04-28 20:58:31,250 ======================================================================
2026-04-28 21:25:22,169 ======================================================================
2026-04-28 21:25:22,169 [RUNTIME PROOF] build_framework_aware_assessment called
2026-04-28 21:25:22,170 [RUNTIME PROOF]   framework        : ISO 27001 (ISO27001)
2026-04-28 21:25:22,170 [RUNTIME PROOF]   no_controls      : True
2026-04-28 21:25:22,170 [RUNTIME PROOF]   present_types    : ['assets', 'employees', 'governance', 'network_rules', 'risk_register', 'vendors']
2026-04-28 21:25:22,170 [RUNTIME PROOF]   relevant_controls: 63
2026-04-28 21:25:22,170 [RUNTIME PROOF]   uploaded_controls: 0
2026-04-28 21:25:22,170 ======================================================================
2026-04-28 21:25:22,172 [RUNTIME PROOF] >>> ENTERING RULE ENGINE PATH
2026-04-28 21:25:22,172 [RUNTIME PROOF]   framework_id     : ISO 27001
2026-04-28 21:25:22,174 ======================================================================
2026-04-28 21:25:22,174 RULE_ENGINE_ACTIVE: ISO 27001
2026-04-28 21:25:22,174 SIGNALS: {'has_access_levels': True, 'has_applications': False, 'has_asset_classifications': False, 'has_asset_inventory': True, 'has_asset_locations': True, 'has_asset_owners': False, 'has_deny_rules': False, 'has_employee_records': True, 'has_governance_activities': True, 'has_high_risk_vendors': False, 'has_network_rules': True, 'has_risk_register': True, 'has_risk_treatments': False, 'has_some_training': False, 'has_vendor_compliance': False, 'has_vendor_records': True, 'high_training_coverage': False, 'low_risky_rules': True}
2026-04-28 21:25:22,175 METRICS: {'training_coverage_pct': 0.0, 'risky_rule_pct': 0.0}
2026-04-28 21:25:22,185 RULE_EVALUATOR: no Python rules for 'ISO 27001' — using JSON conditions only
2026-04-28 21:25:22,185 JSON_CONDITION_EVALUATED: 63 controls
2026-04-28 21:25:22,185 EVALUATED_CONTROLS: 63
2026-04-28 21:25:22,185 SCORE_SOURCE: rule_engine
2026-04-28 21:25:22,185 RESULTS: compliant=57  partial=5  missing=1
2026-04-28 21:25:22,185 BY_SOURCE: {'json_rule_config': 63}
2026-04-28 21:25:22,185 ======================================================================
2026-04-28 21:28:19,747 ======================================================================
2026-04-28 21:28:19,747 [RUNTIME PROOF] build_framework_aware_assessment called
2026-04-28 21:28:19,748 [RUNTIME PROOF]   framework        : PCI DSS (PCI DSS)
2026-04-28 21:28:19,748 [RUNTIME PROOF]   no_controls      : True
2026-04-28 21:28:19,748 [RUNTIME PROOF]   present_types    : ['assets', 'employees', 'governance', 'network_rules', 'risk_register', 'vendors']
2026-04-28 21:28:19,748 [RUNTIME PROOF]   relevant_controls: 12
2026-04-28 21:28:19,748 [RUNTIME PROOF]   uploaded_controls: 0
2026-04-28 21:28:19,748 ======================================================================
2026-04-28 21:28:19,748 [RUNTIME PROOF] >>> ENTERING RULE ENGINE PATH
2026-04-28 21:28:19,748 [RUNTIME PROOF]   framework_id     : PCI DSS
2026-04-28 21:28:19,748 ======================================================================
2026-04-28 21:28:19,748 RULE_ENGINE_ACTIVE: PCI DSS
2026-04-28 21:28:19,749 SIGNALS: {'has_access_levels': True, 'has_applications': False, 'has_asset_classifications': False, 'has_asset_inventory': True, 'has_asset_locations': True, 'has_asset_owners': False, 'has_deny_rules': False, 'has_employee_records': True, 'has_governance_activities': True, 'has_high_risk_vendors': False, 'has_network_rules': True, 'has_risk_register': True, 'has_risk_treatments': False, 'has_some_training': False, 'has_vendor_compliance': False, 'has_vendor_records': True, 'high_training_coverage': False, 'low_risky_rules': True}
2026-04-28 21:28:19,749 METRICS: {'training_coverage_pct': 0.0, 'risky_rule_pct': 0.0}
2026-04-28 21:28:19,749 RULE_EVALUATOR: no Python rules for 'PCI DSS' — using JSON conditions only
2026-04-28 21:28:19,749 JSON_CONDITION_EVALUATED: 12 controls
2026-04-28 21:28:19,749 EVALUATED_CONTROLS: 12
2026-04-28 21:28:19,749 SCORE_SOURCE: rule_engine
2026-04-28 21:28:19,749 RESULTS: compliant=8  partial=3  missing=1
2026-04-28 21:28:19,749 BY_SOURCE: {'json_rule_config': 12}
2026-04-28 21:28:19,750 ======================================================================
2026-04-28 21:39:49,799 ======================================================================
2026-04-28 21:39:49,799 [RUNTIME PROOF] build_framework_aware_assessment called
2026-04-28 21:39:49,799 [RUNTIME PROOF]   framework        : ISO 27001 (ISO27001)
2026-04-28 21:39:49,799 [RUNTIME PROOF]   no_controls      : True
2026-04-28 21:39:49,799 [RUNTIME PROOF]   present_types    : ['assets', 'employees', 'governance', 'network_rules', 'risk_register', 'vendors']
2026-04-28 21:39:49,800 [RUNTIME PROOF]   relevant_controls: 63
2026-04-28 21:39:49,800 [RUNTIME PROOF]   uploaded_controls: 0
2026-04-28 21:39:49,800 ======================================================================
2026-04-28 21:39:49,802 [RUNTIME PROOF] >>> ENTERING RULE ENGINE PATH
2026-04-28 21:39:49,802 [RUNTIME PROOF]   framework_id     : ISO 27001
2026-04-28 21:39:49,804 ======================================================================
2026-04-28 21:39:49,805 RULE_ENGINE_ACTIVE: ISO 27001
2026-04-28 21:39:49,805 SIGNALS: {'has_access_levels': True, 'has_applications': False, 'has_asset_classifications': False, 'has_asset_inventory': True, 'has_asset_locations': True, 'has_asset_owners': False, 'has_deny_rules': False, 'has_employee_records': True, 'has_governance_activities': True, 'has_high_risk_vendors': False, 'has_network_rules': True, 'has_risk_register': True, 'has_risk_treatments': False, 'has_some_training': False, 'has_vendor_compliance': False, 'has_vendor_records': True, 'high_training_coverage': False, 'low_risky_rules': True}
2026-04-28 21:39:49,805 METRICS: {'training_coverage_pct': 0.0, 'risky_rule_pct': 0.0}
2026-04-28 21:39:49,816 RULE_EVALUATOR: no Python rules for 'ISO 27001' — using JSON conditions only
2026-04-28 21:39:49,818 JSON_CONDITION_EVALUATED: 63 controls
2026-04-28 21:39:49,818 EVALUATED_CONTROLS: 63
2026-04-28 21:39:49,818 SCORE_SOURCE: rule_engine
2026-04-28 21:39:49,818 RESULTS: compliant=57  partial=5  missing=1
2026-04-28 21:39:49,818 BY_SOURCE: {'json_rule_config': 63}
2026-04-28 21:39:49,818 ======================================================================
2026-04-28 21:40:23,186 ======================================================================
2026-04-28 21:40:23,188 [RUNTIME PROOF] build_framework_aware_assessment called
2026-04-28 21:40:23,188 [RUNTIME PROOF]   framework        : PCI DSS (PCI DSS)
2026-04-28 21:40:23,188 [RUNTIME PROOF]   no_controls      : True
2026-04-28 21:40:23,188 [RUNTIME PROOF]   present_types    : ['assets', 'employees', 'governance', 'network_rules', 'risk_register', 'vendors']
2026-04-28 21:40:23,188 [RUNTIME PROOF]   relevant_controls: 12
2026-04-28 21:40:23,188 [RUNTIME PROOF]   uploaded_controls: 0
2026-04-28 21:40:23,188 ======================================================================
2026-04-28 21:40:23,188 [RUNTIME PROOF] >>> ENTERING RULE ENGINE PATH
2026-04-28 21:40:23,188 [RUNTIME PROOF]   framework_id     : PCI DSS
2026-04-28 21:40:23,188 ======================================================================
2026-04-28 21:40:23,188 RULE_ENGINE_ACTIVE: PCI DSS
2026-04-28 21:40:23,188 SIGNALS: {'has_access_levels': True, 'has_applications': False, 'has_asset_classifications': False, 'has_asset_inventory': True, 'has_asset_locations': True, 'has_asset_owners': False, 'has_deny_rules': False, 'has_employee_records': True, 'has_governance_activities': True, 'has_high_risk_vendors': False, 'has_network_rules': True, 'has_risk_register': True, 'has_risk_treatments': False, 'has_some_training': False, 'has_vendor_compliance': False, 'has_vendor_records': True, 'high_training_coverage': False, 'low_risky_rules': True}
2026-04-28 21:40:23,188 METRICS: {'training_coverage_pct': 0.0, 'risky_rule_pct': 0.0}
2026-04-28 21:40:23,189 RULE_EVALUATOR: no Python rules for 'PCI DSS' — using JSON conditions only
2026-04-28 21:40:23,189 JSON_CONDITION_EVALUATED: 12 controls
2026-04-28 21:40:23,189 EVALUATED_CONTROLS: 12
2026-04-28 21:40:23,189 SCORE_SOURCE: rule_engine
2026-04-28 21:40:23,189 RESULTS: compliant=8  partial=3  missing=1
2026-04-28 21:40:23,189 BY_SOURCE: {'json_rule_config': 12}
2026-04-28 21:40:23,189 ======================================================================
2026-04-28 21:53:06,950 ======================================================================
2026-04-28 21:53:06,950 [RUNTIME PROOF] build_framework_aware_assessment called
2026-04-28 21:53:06,950 [RUNTIME PROOF]   framework        : PCI DSS (PCI DSS)
2026-04-28 21:53:06,950 [RUNTIME PROOF]   no_controls      : True
2026-04-28 21:53:06,950 [RUNTIME PROOF]   present_types    : ['assets', 'employees', 'governance', 'network_rules', 'risk_register', 'vendors']
2026-04-28 21:53:06,951 [RUNTIME PROOF]   relevant_controls: 12
2026-04-28 21:53:06,951 [RUNTIME PROOF]   uploaded_controls: 0
2026-04-28 21:53:06,951 ======================================================================
2026-04-28 21:53:06,952 [RUNTIME PROOF] >>> ENTERING RULE ENGINE PATH
2026-04-28 21:53:06,952 [RUNTIME PROOF]   framework_id     : PCI DSS
2026-04-28 21:53:06,956 ======================================================================
2026-04-28 21:53:06,956 RULE_ENGINE_ACTIVE: PCI DSS
2026-04-28 21:53:06,956 SIGNALS: {'has_access_levels': True, 'has_applications': False, 'has_asset_classifications': False, 'has_asset_inventory': True, 'has_asset_locations': True, 'has_asset_owners': False, 'has_deny_rules': False, 'has_employee_records': True, 'has_governance_activities': True, 'has_high_risk_vendors': False, 'has_network_rules': True, 'has_risk_register': True, 'has_risk_treatments': False, 'has_some_training': False, 'has_vendor_compliance': False, 'has_vendor_records': True, 'high_training_coverage': False, 'low_risky_rules': True}
2026-04-28 21:53:06,956 METRICS: {'training_coverage_pct': 0.0, 'risky_rule_pct': 0.0}
2026-04-28 21:53:06,967 RULE_EVALUATOR: no Python rules for 'PCI DSS' — using JSON conditions only
2026-04-28 21:53:06,969 JSON_CONDITION_EVALUATED: 12 controls
2026-04-28 21:53:06,969 EVALUATED_CONTROLS: 12
2026-04-28 21:53:06,969 SCORE_SOURCE: rule_engine
2026-04-28 21:53:06,969 RESULTS: compliant=8  partial=3  missing=1
2026-04-28 21:53:06,969 BY_SOURCE: {'json_rule_config': 12}
2026-04-28 21:53:06,969 ======================================================================
2026-04-28 22:00:12,817 ======================================================================
2026-04-28 22:00:12,817 [RUNTIME PROOF] build_framework_aware_assessment called
2026-04-28 22:00:12,817 [RUNTIME PROOF]   framework        : PCI DSS (PCI DSS)
2026-04-28 22:00:12,817 [RUNTIME PROOF]   no_controls      : True
2026-04-28 22:00:12,818 [RUNTIME PROOF]   present_types    : ['assets', 'employees', 'governance', 'network_rules', 'risk_register', 'vendors']
2026-04-28 22:00:12,818 [RUNTIME PROOF]   relevant_controls: 12
2026-04-28 22:00:12,818 [RUNTIME PROOF]   uploaded_controls: 0
2026-04-28 22:00:12,818 ======================================================================
2026-04-28 22:00:12,821 [RUNTIME PROOF] >>> ENTERING RULE ENGINE PATH
2026-04-28 22:00:12,821 [RUNTIME PROOF]   framework_id     : PCI DSS
2026-04-28 22:00:12,823 ======================================================================
2026-04-28 22:00:12,823 RULE_ENGINE_ACTIVE: PCI DSS
2026-04-28 22:00:12,823 SIGNALS: {'has_access_levels': True, 'has_applications': False, 'has_asset_classifications': False, 'has_asset_inventory': True, 'has_asset_locations': True, 'has_asset_owners': False, 'has_deny_rules': False, 'has_employee_records': True, 'has_governance_activities': True, 'has_high_risk_vendors': False, 'has_network_rules': True, 'has_risk_register': True, 'has_risk_treatments': False, 'has_some_training': False, 'has_vendor_compliance': False, 'has_vendor_records': True, 'high_training_coverage': False, 'low_risky_rules': True}
2026-04-28 22:00:12,823 METRICS: {'training_coverage_pct': 0.0, 'risky_rule_pct': 0.0}
2026-04-28 22:00:12,838 RULE_EVALUATOR: no Python rules for 'PCI DSS' — using JSON conditions only
2026-04-28 22:00:12,838 JSON_CONDITION_EVALUATED: 12 controls
2026-04-28 22:00:12,838 EVALUATED_CONTROLS: 12
2026-04-28 22:00:12,838 SCORE_SOURCE: rule_engine
2026-04-28 22:00:12,838 RESULTS: compliant=8  partial=3  missing=1
2026-04-28 22:00:12,838 BY_SOURCE: {'json_rule_config': 12}
2026-04-28 22:00:12,838 ======================================================================
2026-04-28 22:08:52,725 ======================================================================
2026-04-28 22:08:52,725 [RUNTIME PROOF] build_framework_aware_assessment called
2026-04-28 22:08:52,725 [RUNTIME PROOF]   framework        : PCI DSS (PCI DSS)
2026-04-28 22:08:52,725 [RUNTIME PROOF]   no_controls      : True
2026-04-28 22:08:52,725 [RUNTIME PROOF]   present_types    : ['assets', 'employees', 'governance', 'network_rules', 'risk_register', 'vendors']
2026-04-28 22:08:52,726 [RUNTIME PROOF]   relevant_controls: 12
2026-04-28 22:08:52,726 [RUNTIME PROOF]   uploaded_controls: 0
2026-04-28 22:08:52,726 ======================================================================
2026-04-28 22:08:52,728 [RUNTIME PROOF] >>> ENTERING RULE ENGINE PATH
2026-04-28 22:08:52,729 [RUNTIME PROOF]   framework_id     : PCI DSS
2026-04-28 22:08:52,731 ======================================================================
2026-04-28 22:08:52,731 RULE_ENGINE_ACTIVE: PCI DSS
2026-04-28 22:08:52,731 SIGNALS: {'has_access_levels': True, 'has_applications': False, 'has_asset_classifications': False, 'has_asset_inventory': True, 'has_asset_locations': True, 'has_asset_owners': False, 'has_deny_rules': False, 'has_employee_records': True, 'has_governance_activities': True, 'has_high_risk_vendors': False, 'has_network_rules': True, 'has_risk_register': True, 'has_risk_treatments': False, 'has_some_training': False, 'has_vendor_compliance': False, 'has_vendor_records': True, 'high_training_coverage': False, 'low_risky_rules': True}
2026-04-28 22:08:52,732 METRICS: {'training_coverage_pct': 0.0, 'risky_rule_pct': 0.0}
2026-04-28 22:08:52,744 RULE_EVALUATOR: no Python rules for 'PCI DSS' — using JSON conditions only
2026-04-28 22:08:52,745 JSON_CONDITION_EVALUATED: 12 controls
2026-04-28 22:08:52,745 EVALUATED_CONTROLS: 12
2026-04-28 22:08:52,745 SCORE_SOURCE: rule_engine
2026-04-28 22:08:52,745 RESULTS: compliant=8  partial=3  missing=1
2026-04-28 22:08:52,745 BY_SOURCE: {'json_rule_config': 12}
2026-04-28 22:08:52,745 ======================================================================
2026-04-28 22:16:41,883 ======================================================================
2026-04-28 22:16:41,883 [RUNTIME PROOF] build_framework_aware_assessment called
2026-04-28 22:16:41,883 [RUNTIME PROOF]   framework        : PCI DSS (PCI DSS)
2026-04-28 22:16:41,883 [RUNTIME PROOF]   no_controls      : True
2026-04-28 22:16:41,884 [RUNTIME PROOF]   present_types    : ['assets', 'employees', 'governance', 'network_rules', 'risk_register', 'vendors']
2026-04-28 22:16:41,884 [RUNTIME PROOF]   relevant_controls: 12
2026-04-28 22:16:41,884 [RUNTIME PROOF]   uploaded_controls: 0
2026-04-28 22:16:41,884 ======================================================================
2026-04-28 22:16:41,886 [RUNTIME PROOF] >>> ENTERING RULE ENGINE PATH
2026-04-28 22:16:41,886 [RUNTIME PROOF]   framework_id     : PCI DSS
2026-04-28 22:16:41,890 ======================================================================
2026-04-28 22:16:41,890 RULE_ENGINE_ACTIVE: PCI DSS
2026-04-28 22:16:41,890 SIGNALS: {'has_access_levels': True, 'has_applications': False, 'has_asset_classifications': False, 'has_asset_inventory': True, 'has_asset_locations': True, 'has_asset_owners': False, 'has_deny_rules': False, 'has_employee_records': True, 'has_governance_activities': True, 'has_high_risk_vendors': False, 'has_network_rules': True, 'has_risk_register': True, 'has_risk_treatments': False, 'has_some_training': False, 'has_vendor_compliance': False, 'has_vendor_records': True, 'high_training_coverage': False, 'low_risky_rules': True}
2026-04-28 22:16:41,891 METRICS: {'training_coverage_pct': 0.0, 'risky_rule_pct': 0.0}
2026-04-28 22:16:41,903 RULE_EVALUATOR: no Python rules for 'PCI DSS' — using JSON conditions only
2026-04-28 22:16:41,904 JSON_CONDITION_EVALUATED: 12 controls
2026-04-28 22:16:41,904 EVALUATED_CONTROLS: 12
2026-04-28 22:16:41,904 SCORE_SOURCE: rule_engine
2026-04-28 22:16:41,904 RESULTS: compliant=8  partial=3  missing=1
2026-04-28 22:16:41,904 BY_SOURCE: {'json_rule_config': 12}
2026-04-28 22:16:41,904 ======================================================================
2026-04-28 22:28:29,249 ======================================================================
2026-04-28 22:28:29,249 [RUNTIME PROOF] build_framework_aware_assessment called
2026-04-28 22:28:29,249 [RUNTIME PROOF]   framework        : PCI DSS (PCI DSS)
2026-04-28 22:28:29,249 [RUNTIME PROOF]   no_controls      : True
2026-04-28 22:28:29,249 [RUNTIME PROOF]   present_types    : ['assets', 'employees', 'governance', 'network_rules', 'risk_register', 'vendors']
2026-04-28 22:28:29,249 [RUNTIME PROOF]   relevant_controls: 12
2026-04-28 22:28:29,249 [RUNTIME PROOF]   uploaded_controls: 0
2026-04-28 22:28:29,249 ======================================================================
2026-04-28 22:28:29,251 [RUNTIME PROOF] >>> ENTERING RULE ENGINE PATH
2026-04-28 22:28:29,253 [RUNTIME PROOF]   framework_id     : PCI DSS
2026-04-28 22:28:29,255 ======================================================================
2026-04-28 22:28:29,255 RULE_ENGINE_ACTIVE: PCI DSS
2026-04-28 22:28:29,255 SIGNALS: {'has_access_levels': True, 'has_applications': False, 'has_asset_classifications': False, 'has_asset_inventory': True, 'has_asset_locations': True, 'has_asset_owners': False, 'has_deny_rules': False, 'has_employee_records': True, 'has_governance_activities': True, 'has_high_risk_vendors': False, 'has_network_rules': True, 'has_risk_register': True, 'has_risk_treatments': False, 'has_some_training': False, 'has_vendor_compliance': False, 'has_vendor_records': True, 'high_training_coverage': False, 'low_risky_rules': True}
2026-04-28 22:28:29,257 METRICS: {'training_coverage_pct': 0.0, 'risky_rule_pct': 0.0}
2026-04-28 22:28:29,266 RULE_EVALUATOR: no Python rules for 'PCI DSS' — using JSON conditions only
2026-04-28 22:28:29,268 JSON_CONDITION_EVALUATED: 12 controls
2026-04-28 22:28:29,268 EVALUATED_CONTROLS: 12
2026-04-28 22:28:29,268 SCORE_SOURCE: rule_engine
2026-04-28 22:28:29,268 RESULTS: compliant=8  partial=3  missing=1
2026-04-28 22:28:29,268 BY_SOURCE: {'json_rule_config': 12}
2026-04-28 22:28:29,268 ======================================================================
2026-04-28 22:32:13,465 ======================================================================
2026-04-28 22:32:13,465 [RUNTIME PROOF] build_framework_aware_assessment called
2026-04-28 22:32:13,465 [RUNTIME PROOF]   framework        : PCI DSS (PCI DSS)
2026-04-28 22:32:13,465 [RUNTIME PROOF]   no_controls      : True
2026-04-28 22:32:13,466 [RUNTIME PROOF]   present_types    : ['assets', 'employees', 'governance', 'network_rules', 'risk_register', 'vendors']
2026-04-28 22:32:13,466 [RUNTIME PROOF]   relevant_controls: 12
2026-04-28 22:32:13,466 [RUNTIME PROOF]   uploaded_controls: 0
2026-04-28 22:32:13,466 ======================================================================
2026-04-28 22:32:13,468 [RUNTIME PROOF] >>> ENTERING RULE ENGINE PATH
2026-04-28 22:32:13,468 [RUNTIME PROOF]   framework_id     : PCI DSS
2026-04-28 22:32:13,469 ======================================================================
2026-04-28 22:32:13,469 RULE_ENGINE_ACTIVE: PCI DSS
2026-04-28 22:32:13,469 SIGNALS: {'has_access_levels': True, 'has_applications': False, 'has_asset_classifications': False, 'has_asset_inventory': True, 'has_asset_locations': True, 'has_asset_owners': False, 'has_deny_rules': False, 'has_employee_records': True, 'has_governance_activities': True, 'has_high_risk_vendors': False, 'has_network_rules': True, 'has_risk_register': True, 'has_risk_treatments': False, 'has_some_training': False, 'has_vendor_compliance': False, 'has_vendor_records': True, 'high_training_coverage': False, 'low_risky_rules': True}
2026-04-28 22:32:13,469 METRICS: {'training_coverage_pct': 0.0, 'risky_rule_pct': 0.0}
2026-04-28 22:32:13,476 RULE_EVALUATOR: no Python rules for 'PCI DSS' — using JSON conditions only
2026-04-28 22:32:13,476 JSON_CONDITION_EVALUATED: 12 controls
2026-04-28 22:32:13,476 EVALUATED_CONTROLS: 12
2026-04-28 22:32:13,476 SCORE_SOURCE: rule_engine
2026-04-28 22:32:13,476 RESULTS: compliant=8  partial=3  missing=1
2026-04-28 22:32:13,476 BY_SOURCE: {'json_rule_config': 12}
2026-04-28 22:32:13,476 ======================================================================
2026-04-28 22:36:26,687 ======================================================================
2026-04-28 22:36:26,687 [RUNTIME PROOF] build_framework_aware_assessment called
2026-04-28 22:36:26,687 [RUNTIME PROOF]   framework        : PCI DSS (PCI DSS)
2026-04-28 22:36:26,687 [RUNTIME PROOF]   no_controls      : True
2026-04-28 22:36:26,688 [RUNTIME PROOF]   present_types    : ['assets', 'employees', 'governance', 'network_rules', 'risk_register', 'vendors']
2026-04-28 22:36:26,688 [RUNTIME PROOF]   relevant_controls: 12
2026-04-28 22:36:26,688 [RUNTIME PROOF]   uploaded_controls: 0
2026-04-28 22:36:26,688 ======================================================================
2026-04-28 22:36:26,689 [RUNTIME PROOF] >>> ENTERING RULE ENGINE PATH
2026-04-28 22:36:26,689 [RUNTIME PROOF]   framework_id     : PCI DSS
2026-04-28 22:36:26,691 ======================================================================
2026-04-28 22:36:26,691 RULE_ENGINE_ACTIVE: PCI DSS
2026-04-28 22:36:26,691 SIGNALS: {'has_access_levels': True, 'has_applications': False, 'has_asset_classifications': False, 'has_asset_inventory': True, 'has_asset_locations': True, 'has_asset_owners': False, 'has_deny_rules': False, 'has_employee_records': True, 'has_governance_activities': True, 'has_high_risk_vendors': False, 'has_network_rules': True, 'has_risk_register': True, 'has_risk_treatments': False, 'has_some_training': False, 'has_vendor_compliance': False, 'has_vendor_records': True, 'high_training_coverage': False, 'low_risky_rules': True}
2026-04-28 22:36:26,691 METRICS: {'training_coverage_pct': 0.0, 'risky_rule_pct': 0.0}
2026-04-28 22:36:26,699 RULE_EVALUATOR: no Python rules for 'PCI DSS' — using JSON conditions only
2026-04-28 22:36:26,699 JSON_CONDITION_EVALUATED: 12 controls
2026-04-28 22:36:26,699 EVALUATED_CONTROLS: 12
2026-04-28 22:36:26,699 SCORE_SOURCE: rule_engine
2026-04-28 22:36:26,699 RESULTS: compliant=8  partial=3  missing=1
2026-04-28 22:36:26,699 BY_SOURCE: {'json_rule_config': 12}
2026-04-28 22:36:26,699 ======================================================================
2026-04-28 22:50:58,466 ======================================================================
2026-04-28 22:50:58,468 [RUNTIME PROOF] build_framework_aware_assessment called
2026-04-28 22:50:58,468 [RUNTIME PROOF]   framework        : PCI DSS (PCI DSS)
2026-04-28 22:50:58,468 [RUNTIME PROOF]   no_controls      : True
2026-04-28 22:50:58,468 [RUNTIME PROOF]   present_types    : ['assets', 'employees', 'governance', 'network_rules', 'risk_register', 'vendors']
2026-04-28 22:50:58,469 [RUNTIME PROOF]   relevant_controls: 12
2026-04-28 22:50:58,469 [RUNTIME PROOF]   uploaded_controls: 0
2026-04-28 22:50:58,469 ======================================================================
2026-04-28 22:50:58,470 [RUNTIME PROOF] >>> ENTERING RULE ENGINE PATH
2026-04-28 22:50:58,471 [RUNTIME PROOF]   framework_id     : PCI DSS
2026-04-28 22:50:58,474 ======================================================================
2026-04-28 22:50:58,474 RULE_ENGINE_ACTIVE: PCI DSS
2026-04-28 22:50:58,474 SIGNALS: {'has_access_levels': True, 'has_applications': False, 'has_asset_classifications': False, 'has_asset_inventory': True, 'has_asset_locations': True, 'has_asset_owners': False, 'has_deny_rules': False, 'has_employee_records': True, 'has_governance_activities': True, 'has_high_risk_vendors': False, 'has_network_rules': True, 'has_risk_register': True, 'has_risk_treatments': False, 'has_some_training': False, 'has_vendor_compliance': False, 'has_vendor_records': True, 'high_training_coverage': False, 'low_risky_rules': True}
2026-04-28 22:50:58,474 METRICS: {'training_coverage_pct': 0.0, 'risky_rule_pct': 0.0}
2026-04-28 22:50:58,485 RULE_EVALUATOR: no Python rules for 'PCI DSS' — using JSON conditions only
2026-04-28 22:50:58,486 JSON_CONDITION_EVALUATED: 12 controls
2026-04-28 22:50:58,486 EVALUATED_CONTROLS: 12
2026-04-28 22:50:58,486 SCORE_SOURCE: rule_engine
2026-04-28 22:50:58,486 RESULTS: compliant=8  partial=3  missing=1
2026-04-28 22:50:58,486 BY_SOURCE: {'json_rule_config': 12}
2026-04-28 22:50:58,486 ======================================================================
2026-04-28 22:55:55,040 ======================================================================
2026-04-28 22:55:55,040 [RUNTIME PROOF] build_framework_aware_assessment called
2026-04-28 22:55:55,040 [RUNTIME PROOF]   framework        : PCI DSS (PCI DSS)
2026-04-28 22:55:55,041 [RUNTIME PROOF]   no_controls      : True
2026-04-28 22:55:55,041 [RUNTIME PROOF]   present_types    : ['assets', 'employees', 'governance', 'network_rules', 'risk_register', 'vendors']
2026-04-28 22:55:55,041 [RUNTIME PROOF]   relevant_controls: 12
2026-04-28 22:55:55,041 [RUNTIME PROOF]   uploaded_controls: 0
2026-04-28 22:55:55,041 ======================================================================
2026-04-28 22:55:55,044 [RUNTIME PROOF] >>> ENTERING RULE ENGINE PATH
2026-04-28 22:55:55,044 [RUNTIME PROOF]   framework_id     : PCI DSS
2026-04-28 22:55:55,047 ======================================================================
2026-04-28 22:55:55,047 RULE_ENGINE_ACTIVE: PCI DSS
2026-04-28 22:55:55,047 SIGNALS: {'has_access_levels': True, 'has_applications': False, 'has_asset_classifications': False, 'has_asset_inventory': True, 'has_asset_locations': True, 'has_asset_owners': False, 'has_deny_rules': False, 'has_employee_records': True, 'has_governance_activities': True, 'has_high_risk_vendors': False, 'has_network_rules': True, 'has_risk_register': True, 'has_risk_treatments': False, 'has_some_training': False, 'has_vendor_compliance': False, 'has_vendor_records': True, 'high_training_coverage': False, 'low_risky_rules': True}
2026-04-28 22:55:55,048 METRICS: {'training_coverage_pct': 0.0, 'risky_rule_pct': 0.0}
2026-04-28 22:55:55,063 RULE_EVALUATOR: no Python rules for 'PCI DSS' — using JSON conditions only
2026-04-28 22:55:55,063 JSON_CONDITION_EVALUATED: 12 controls
2026-04-28 22:55:55,065 EVALUATED_CONTROLS: 12
2026-04-28 22:55:55,065 SCORE_SOURCE: rule_engine
2026-04-28 22:55:55,065 RESULTS: compliant=8  partial=3  missing=1
2026-04-28 22:55:55,065 BY_SOURCE: {'json_rule_config': 12}
2026-04-28 22:55:55,065 ======================================================================
2026-04-28 23:06:24,166 ======================================================================
2026-04-28 23:06:24,168 [RUNTIME PROOF] build_framework_aware_assessment called
2026-04-28 23:06:24,168 [RUNTIME PROOF]   framework        : PCI DSS (PCI DSS)
2026-04-28 23:06:24,168 [RUNTIME PROOF]   no_controls      : True
2026-04-28 23:06:24,168 [RUNTIME PROOF]   present_types    : ['assets', 'employees', 'governance', 'network_rules', 'risk_register', 'vendors']
2026-04-28 23:06:24,168 [RUNTIME PROOF]   relevant_controls: 12
2026-04-28 23:06:24,169 [RUNTIME PROOF]   uploaded_controls: 0
2026-04-28 23:06:24,169 ======================================================================
2026-04-28 23:06:24,171 [RUNTIME PROOF] >>> ENTERING RULE ENGINE PATH
2026-04-28 23:06:24,171 [RUNTIME PROOF]   framework_id     : PCI DSS
2026-04-28 23:06:24,175 ======================================================================
2026-04-28 23:06:24,175 RULE_ENGINE_ACTIVE: PCI DSS
2026-04-28 23:06:24,175 SIGNALS: {'has_access_levels': True, 'has_applications': False, 'has_asset_classifications': False, 'has_asset_inventory': True, 'has_asset_locations': True, 'has_asset_owners': False, 'has_deny_rules': False, 'has_employee_records': True, 'has_governance_activities': True, 'has_high_risk_vendors': False, 'has_network_rules': True, 'has_risk_register': True, 'has_risk_treatments': False, 'has_some_training': False, 'has_vendor_compliance': False, 'has_vendor_records': True, 'high_training_coverage': False, 'low_risky_rules': True}
2026-04-28 23:06:24,175 METRICS: {'training_coverage_pct': 0.0, 'risky_rule_pct': 0.0}
2026-04-28 23:06:24,188 RULE_EVALUATOR: no Python rules for 'PCI DSS' — using JSON conditions only
2026-04-28 23:06:24,188 JSON_CONDITION_EVALUATED: 12 controls
2026-04-28 23:06:24,188 EVALUATED_CONTROLS: 12
2026-04-28 23:06:24,188 SCORE_SOURCE: rule_engine
2026-04-28 23:06:24,189 RESULTS: compliant=8  partial=3  missing=1
2026-04-28 23:06:24,189 BY_SOURCE: {'json_rule_config': 12}
2026-04-28 23:06:24,189 ======================================================================
2026-04-28 23:17:53,448 ======================================================================
2026-04-28 23:17:53,449 [RUNTIME PROOF] build_framework_aware_assessment called
2026-04-28 23:17:53,449 [RUNTIME PROOF]   framework        : PCI DSS (PCI DSS)
2026-04-28 23:17:53,449 [RUNTIME PROOF]   no_controls      : True
2026-04-28 23:17:53,449 [RUNTIME PROOF]   present_types    : ['assets', 'employees', 'governance', 'network_rules', 'risk_register', 'vendors']
2026-04-28 23:17:53,449 [RUNTIME PROOF]   relevant_controls: 12
2026-04-28 23:17:53,449 [RUNTIME PROOF]   uploaded_controls: 0
2026-04-28 23:17:53,449 ======================================================================
2026-04-28 23:17:53,451 [RUNTIME PROOF] >>> ENTERING RULE ENGINE PATH
2026-04-28 23:17:53,451 [RUNTIME PROOF]   framework_id     : PCI DSS
2026-04-28 23:17:53,451 ======================================================================
2026-04-28 23:17:53,451 RULE_ENGINE_ACTIVE: PCI DSS
2026-04-28 23:17:53,451 SIGNALS: {'has_access_levels': True, 'has_applications': False, 'has_asset_classifications': False, 'has_asset_inventory': True, 'has_asset_locations': True, 'has_asset_owners': False, 'has_deny_rules': False, 'has_employee_records': True, 'has_governance_activities': True, 'has_high_risk_vendors': False, 'has_network_rules': True, 'has_risk_register': True, 'has_risk_treatments': False, 'has_some_training': False, 'has_vendor_compliance': False, 'has_vendor_records': True, 'high_training_coverage': False, 'low_risky_rules': True}
2026-04-28 23:17:53,451 METRICS: {'training_coverage_pct': 0.0, 'risky_rule_pct': 0.0}
2026-04-28 23:17:53,462 RULE_EVALUATOR: no Python rules for 'PCI DSS' — using JSON conditions only
2026-04-28 23:17:53,462 JSON_CONDITION_EVALUATED: 12 controls
2026-04-28 23:17:53,462 EVALUATED_CONTROLS: 12
2026-04-28 23:17:53,462 SCORE_SOURCE: rule_engine
2026-04-28 23:17:53,462 RESULTS: compliant=8  partial=3  missing=1
2026-04-28 23:17:53,462 BY_SOURCE: {'json_rule_config': 12}
2026-04-28 23:17:53,462 ======================================================================
2026-04-28 23:28:26,979 ======================================================================
2026-04-28 23:28:26,979 [RUNTIME PROOF] build_framework_aware_assessment called
2026-04-28 23:28:26,979 [RUNTIME PROOF]   framework        : PCI DSS (PCI DSS)
2026-04-28 23:28:26,979 [RUNTIME PROOF]   no_controls      : True
2026-04-28 23:28:26,979 [RUNTIME PROOF]   present_types    : ['assets', 'employees', 'governance', 'network_rules', 'risk_register', 'vendors']
2026-04-28 23:28:26,979 [RUNTIME PROOF]   relevant_controls: 12
2026-04-28 23:28:26,979 [RUNTIME PROOF]   uploaded_controls: 0
2026-04-28 23:28:26,979 ======================================================================
2026-04-28 23:28:26,980 [RUNTIME PROOF] >>> ENTERING RULE ENGINE PATH
2026-04-28 23:28:26,980 [RUNTIME PROOF]   framework_id     : PCI DSS
2026-04-28 23:28:26,981 ======================================================================
2026-04-28 23:28:26,981 RULE_ENGINE_ACTIVE: PCI DSS
2026-04-28 23:28:26,981 SIGNALS: {'has_access_levels': True, 'has_applications': False, 'has_asset_classifications': False, 'has_asset_inventory': True, 'has_asset_locations': True, 'has_asset_owners': False, 'has_deny_rules': False, 'has_employee_records': True, 'has_governance_activities': True, 'has_high_risk_vendors': False, 'has_network_rules': True, 'has_risk_register': True, 'has_risk_treatments': False, 'has_some_training': False, 'has_vendor_compliance': False, 'has_vendor_records': True, 'high_training_coverage': False, 'low_risky_rules': True}
2026-04-28 23:28:26,981 METRICS: {'training_coverage_pct': 0.0, 'risky_rule_pct': 0.0}
2026-04-28 23:28:26,988 RULE_EVALUATOR: no Python rules for 'PCI DSS' — using JSON conditions only
2026-04-28 23:28:26,988 JSON_CONDITION_EVALUATED: 12 controls
2026-04-28 23:28:26,989 EVALUATED_CONTROLS: 12
2026-04-28 23:28:26,989 SCORE_SOURCE: rule_engine
2026-04-28 23:28:26,989 RESULTS: compliant=8  partial=3  missing=1
2026-04-28 23:28:26,989 BY_SOURCE: {'json_rule_config': 12}
2026-04-28 23:28:26,989 ======================================================================
2026-04-28 23:39:57,353 ======================================================================
2026-04-28 23:39:57,353 [RUNTIME PROOF] build_framework_aware_assessment called
2026-04-28 23:39:57,353 [RUNTIME PROOF]   framework        : PCI DSS (PCI DSS)
2026-04-28 23:39:57,353 [RUNTIME PROOF]   no_controls      : True
2026-04-28 23:39:57,354 [RUNTIME PROOF]   present_types    : ['assets', 'employees', 'governance', 'network_rules', 'risk_register', 'vendors']
2026-04-28 23:39:57,354 [RUNTIME PROOF]   relevant_controls: 12
2026-04-28 23:39:57,354 [RUNTIME PROOF]   uploaded_controls: 0
2026-04-28 23:39:57,354 ======================================================================
2026-04-28 23:39:57,356 [RUNTIME PROOF] >>> ENTERING RULE ENGINE PATH
2026-04-28 23:39:57,357 [RUNTIME PROOF]   framework_id     : PCI DSS
2026-04-28 23:39:57,359 ======================================================================
2026-04-28 23:39:57,359 RULE_ENGINE_ACTIVE: PCI DSS
2026-04-28 23:39:57,359 SIGNALS: {'has_access_levels': True, 'has_applications': False, 'has_asset_classifications': False, 'has_asset_inventory': True, 'has_asset_locations': True, 'has_asset_owners': False, 'has_deny_rules': False, 'has_employee_records': True, 'has_governance_activities': True, 'has_high_risk_vendors': False, 'has_network_rules': True, 'has_risk_register': True, 'has_risk_treatments': False, 'has_some_training': False, 'has_vendor_compliance': False, 'has_vendor_records': True, 'high_training_coverage': False, 'low_risky_rules': True}
2026-04-28 23:39:57,359 METRICS: {'training_coverage_pct': 0.0, 'risky_rule_pct': 0.0}
2026-04-28 23:39:57,372 RULE_EVALUATOR: no Python rules for 'PCI DSS' — using JSON conditions only
2026-04-28 23:39:57,373 JSON_CONDITION_EVALUATED: 12 controls
2026-04-28 23:39:57,373 EVALUATED_CONTROLS: 12
2026-04-28 23:39:57,373 SCORE_SOURCE: rule_engine
2026-04-28 23:39:57,373 RESULTS: compliant=8  partial=3  missing=1
2026-04-28 23:39:57,373 BY_SOURCE: {'json_rule_config': 12}
2026-04-28 23:39:57,373 ======================================================================
2026-04-29 00:02:37,398 ======================================================================
2026-04-29 00:02:37,399 [RUNTIME PROOF] build_framework_aware_assessment called
2026-04-29 00:02:37,399 [RUNTIME PROOF]   framework        : PCI DSS (PCI DSS)
2026-04-29 00:02:37,399 [RUNTIME PROOF]   no_controls      : True
2026-04-29 00:02:37,399 [RUNTIME PROOF]   present_types    : ['assets', 'employees', 'governance', 'network_rules', 'risk_register', 'vendors']
2026-04-29 00:02:37,400 [RUNTIME PROOF]   relevant_controls: 12
2026-04-29 00:02:37,400 [RUNTIME PROOF]   uploaded_controls: 0
2026-04-29 00:02:37,400 ======================================================================
2026-04-29 00:02:37,404 [RUNTIME PROOF] >>> ENTERING RULE ENGINE PATH
2026-04-29 00:02:37,404 [RUNTIME PROOF]   framework_id     : PCI DSS
2026-04-29 00:02:37,408 ======================================================================
2026-04-29 00:02:37,408 RULE_ENGINE_ACTIVE: PCI DSS
2026-04-29 00:02:37,409 SIGNALS: {'has_access_levels': True, 'has_applications': False, 'has_asset_classifications': False, 'has_asset_inventory': True, 'has_asset_locations': True, 'has_asset_owners': False, 'has_deny_rules': False, 'has_employee_records': True, 'has_governance_activities': True, 'has_high_risk_vendors': False, 'has_network_rules': True, 'has_risk_register': True, 'has_risk_treatments': False, 'has_some_training': False, 'has_vendor_compliance': False, 'has_vendor_records': True, 'high_training_coverage': False, 'low_risky_rules': True}
2026-04-29 00:02:37,409 METRICS: {'training_coverage_pct': 0.0, 'risky_rule_pct': 0.0}
2026-04-29 00:02:37,426 RULE_EVALUATOR: no Python rules for 'PCI DSS' — using JSON conditions only
2026-04-29 00:02:37,427 JSON_CONDITION_EVALUATED: 12 controls
2026-04-29 00:02:37,427 EVALUATED_CONTROLS: 12
2026-04-29 00:02:37,427 SCORE_SOURCE: rule_engine
2026-04-29 00:02:37,428 RESULTS: compliant=8  partial=3  missing=1
2026-04-29 00:02:37,428 BY_SOURCE: {'json_rule_config': 12}
2026-04-29 00:02:37,428 ======================================================================
2026-04-29 00:06:44,788 ======================================================================
2026-04-29 00:06:44,788 [RUNTIME PROOF] build_framework_aware_assessment called
2026-04-29 00:06:44,788 [RUNTIME PROOF]   framework        : PCI DSS (PCI DSS)
2026-04-29 00:06:44,788 [RUNTIME PROOF]   no_controls      : True
2026-04-29 00:06:44,788 [RUNTIME PROOF]   present_types    : ['assets', 'employees', 'governance', 'network_rules', 'risk_register', 'vendors']
2026-04-29 00:06:44,789 [RUNTIME PROOF]   relevant_controls: 12
2026-04-29 00:06:44,789 [RUNTIME PROOF]   uploaded_controls: 0
2026-04-29 00:06:44,789 ======================================================================
2026-04-29 00:06:44,792 [RUNTIME PROOF] >>> ENTERING RULE ENGINE PATH
2026-04-29 00:06:44,792 [RUNTIME PROOF]   framework_id     : PCI DSS
2026-04-29 00:06:44,795 ======================================================================
2026-04-29 00:06:44,796 RULE_ENGINE_ACTIVE: PCI DSS
2026-04-29 00:06:44,796 SIGNALS: {'has_access_levels': True, 'has_applications': False, 'has_asset_classifications': False, 'has_asset_inventory': True, 'has_asset_locations': True, 'has_asset_owners': False, 'has_deny_rules': False, 'has_employee_records': True, 'has_governance_activities': True, 'has_high_risk_vendors': False, 'has_network_rules': True, 'has_risk_register': True, 'has_risk_treatments': False, 'has_some_training': False, 'has_vendor_compliance': False, 'has_vendor_records': True, 'high_training_coverage': False, 'low_risky_rules': True}
2026-04-29 00:06:44,796 METRICS: {'training_coverage_pct': 0.0, 'risky_rule_pct': 0.0}
2026-04-29 00:06:44,803 RULE_EVALUATOR: no Python rules for 'PCI DSS' — using JSON conditions only
2026-04-29 00:06:44,804 JSON_CONDITION_EVALUATED: 12 controls
2026-04-29 00:06:44,804 EVALUATED_CONTROLS: 12
2026-04-29 00:06:44,804 SCORE_SOURCE: rule_engine
2026-04-29 00:06:44,804 RESULTS: compliant=8  partial=3  missing=1
2026-04-29 00:06:44,804 BY_SOURCE: {'json_rule_config': 12}
2026-04-29 00:06:44,804 ======================================================================
2026-04-29 01:35:09,608 ======================================================================
2026-04-29 01:35:09,609 [RUNTIME PROOF] build_framework_aware_assessment called
2026-04-29 01:35:09,609 [RUNTIME PROOF]   framework        : PCI DSS (PCI DSS)
2026-04-29 01:35:09,609 [RUNTIME PROOF]   no_controls      : True
2026-04-29 01:35:09,609 [RUNTIME PROOF]   present_types    : ['assets', 'employees', 'governance', 'network_rules', 'risk_register', 'vendors']
2026-04-29 01:35:09,609 [RUNTIME PROOF]   relevant_controls: 12
2026-04-29 01:35:09,609 [RUNTIME PROOF]   uploaded_controls: 0
2026-04-29 01:35:09,609 ======================================================================
2026-04-29 01:35:09,609 [RUNTIME PROOF] >>> ENTERING RULE ENGINE PATH
2026-04-29 01:35:09,609 [RUNTIME PROOF]   framework_id     : PCI DSS
2026-04-29 01:35:09,609 ======================================================================
2026-04-29 01:35:09,609 RULE_ENGINE_ACTIVE: PCI DSS
2026-04-29 01:35:09,609 SIGNALS: {'has_access_levels': True, 'has_applications': False, 'has_asset_classifications': False, 'has_asset_inventory': True, 'has_asset_locations': True, 'has_asset_owners': False, 'has_deny_rules': False, 'has_employee_records': True, 'has_governance_activities': True, 'has_high_risk_vendors': False, 'has_network_rules': True, 'has_risk_register': True, 'has_risk_treatments': False, 'has_some_training': False, 'has_vendor_compliance': False, 'has_vendor_records': True, 'high_training_coverage': False, 'low_risky_rules': True}
2026-04-29 01:35:09,609 METRICS: {'training_coverage_pct': 0.0, 'risky_rule_pct': 0.0}
2026-04-29 01:35:09,609 RULE_EVALUATOR: no Python rules for 'PCI DSS' — using JSON conditions only
2026-04-29 01:35:09,609 JSON_CONDITION_EVALUATED: 12 controls
2026-04-29 01:35:09,609 EVALUATED_CONTROLS: 12
2026-04-29 01:35:09,609 SCORE_SOURCE: rule_engine
2026-04-29 01:35:09,609 RESULTS: compliant=8  partial=3  missing=1
2026-04-29 01:35:09,610 BY_SOURCE: {'json_rule_config': 12}
2026-04-29 01:35:09,610 ======================================================================
2026-04-29 01:58:44,069 ======================================================================
2026-04-29 01:58:44,069 [RUNTIME PROOF] build_framework_aware_assessment called
2026-04-29 01:58:44,069 [RUNTIME PROOF]   framework        : PCI DSS (PCI DSS)
2026-04-29 01:58:44,069 [RUNTIME PROOF]   no_controls      : True
2026-04-29 01:58:44,069 [RUNTIME PROOF]   present_types    : ['assets', 'employees', 'governance', 'network_rules', 'risk_register', 'vendors']
2026-04-29 01:58:44,070 [RUNTIME PROOF]   relevant_controls: 12
2026-04-29 01:58:44,070 [RUNTIME PROOF]   uploaded_controls: 0
2026-04-29 01:58:44,070 ======================================================================
2026-04-29 01:58:44,071 [RUNTIME PROOF] >>> ENTERING RULE ENGINE PATH
2026-04-29 01:58:44,071 [RUNTIME PROOF]   framework_id     : PCI DSS
2026-04-29 01:58:44,074 ======================================================================
2026-04-29 01:58:44,074 RULE_ENGINE_ACTIVE: PCI DSS
2026-04-29 01:58:44,074 SIGNALS: {'has_access_levels': True, 'has_applications': False, 'has_asset_classifications': False, 'has_asset_inventory': True, 'has_asset_locations': True, 'has_asset_owners': False, 'has_deny_rules': False, 'has_employee_records': True, 'has_governance_activities': True, 'has_high_risk_vendors': False, 'has_network_rules': True, 'has_risk_register': True, 'has_risk_treatments': False, 'has_some_training': False, 'has_vendor_compliance': False, 'has_vendor_records': True, 'high_training_coverage': False, 'low_risky_rules': True}
2026-04-29 01:58:44,075 METRICS: {'training_coverage_pct': 0.0, 'risky_rule_pct': 0.0}
2026-04-29 01:58:44,083 RULE_EVALUATOR: no Python rules for 'PCI DSS' — using JSON conditions only
2026-04-29 01:58:44,083 JSON_CONDITION_EVALUATED: 12 controls
2026-04-29 01:58:44,084 EVALUATED_CONTROLS: 12
2026-04-29 01:58:44,084 SCORE_SOURCE: rule_engine
2026-04-29 01:58:44,084 RESULTS: compliant=8  partial=3  missing=1
2026-04-29 01:58:44,084 BY_SOURCE: {'json_rule_config': 12}
2026-04-29 01:58:44,084 ======================================================================
2026-04-29 02:18:43,254 ======================================================================
2026-04-29 02:18:43,254 [RUNTIME PROOF] build_framework_aware_assessment called
2026-04-29 02:18:43,254 [RUNTIME PROOF]   framework        : PCI DSS (PCI DSS)
2026-04-29 02:18:43,254 [RUNTIME PROOF]   no_controls      : True
2026-04-29 02:18:43,255 [RUNTIME PROOF]   present_types    : ['assets', 'employees', 'governance', 'network_rules', 'risk_register', 'vendors']
2026-04-29 02:18:43,255 [RUNTIME PROOF]   relevant_controls: 12
2026-04-29 02:18:43,255 [RUNTIME PROOF]   uploaded_controls: 0
2026-04-29 02:18:43,255 ======================================================================
2026-04-29 02:18:43,257 [RUNTIME PROOF] >>> ENTERING RULE ENGINE PATH
2026-04-29 02:18:43,257 [RUNTIME PROOF]   framework_id     : PCI DSS
2026-04-29 02:18:43,259 ======================================================================
2026-04-29 02:18:43,259 RULE_ENGINE_ACTIVE: PCI DSS
2026-04-29 02:18:43,259 SIGNALS: {'has_access_levels': True, 'has_applications': False, 'has_asset_classifications': False, 'has_asset_inventory': True, 'has_asset_locations': True, 'has_asset_owners': False, 'has_deny_rules': False, 'has_employee_records': True, 'has_governance_activities': True, 'has_high_risk_vendors': False, 'has_network_rules': True, 'has_risk_register': True, 'has_risk_treatments': False, 'has_some_training': False, 'has_vendor_compliance': False, 'has_vendor_records': True, 'high_training_coverage': False, 'low_risky_rules': True}
2026-04-29 02:18:43,259 METRICS: {'training_coverage_pct': 0.0, 'risky_rule_pct': 0.0}
2026-04-29 02:18:43,270 RULE_EVALUATOR: no Python rules for 'PCI DSS' — using JSON conditions only
2026-04-29 02:18:43,271 JSON_CONDITION_EVALUATED: 12 controls
2026-04-29 02:18:43,271 EVALUATED_CONTROLS: 12
2026-04-29 02:18:43,271 SCORE_SOURCE: rule_engine
2026-04-29 02:18:43,272 RESULTS: compliant=8  partial=3  missing=1
2026-04-29 02:18:43,272 BY_SOURCE: {'json_rule_config': 12}
2026-04-29 02:18:43,272 ======================================================================
2026-04-29 02:23:13,965 ======================================================================
2026-04-29 02:23:13,965 [RUNTIME PROOF] build_framework_aware_assessment called
2026-04-29 02:23:13,965 [RUNTIME PROOF]   framework        : PCI DSS (PCI DSS)
2026-04-29 02:23:13,965 [RUNTIME PROOF]   no_controls      : True
2026-04-29 02:23:13,965 [RUNTIME PROOF]   present_types    : ['assets', 'employees', 'governance', 'network_rules', 'risk_register', 'vendors']
2026-04-29 02:23:13,965 [RUNTIME PROOF]   relevant_controls: 12
2026-04-29 02:23:13,965 [RUNTIME PROOF]   uploaded_controls: 0
2026-04-29 02:23:13,965 ======================================================================
2026-04-29 02:23:13,968 [RUNTIME PROOF] >>> ENTERING RULE ENGINE PATH
2026-04-29 02:23:13,968 [RUNTIME PROOF]   framework_id     : PCI DSS
2026-04-29 02:23:13,971 ======================================================================
2026-04-29 02:23:13,971 RULE_ENGINE_ACTIVE: PCI DSS
2026-04-29 02:23:13,971 SIGNALS: {'has_access_levels': True, 'has_applications': False, 'has_asset_classifications': False, 'has_asset_inventory': True, 'has_asset_locations': True, 'has_asset_owners': False, 'has_deny_rules': False, 'has_employee_records': True, 'has_governance_activities': True, 'has_high_risk_vendors': False, 'has_network_rules': True, 'has_risk_register': True, 'has_risk_treatments': False, 'has_some_training': False, 'has_vendor_compliance': False, 'has_vendor_records': True, 'high_training_coverage': False, 'low_risky_rules': True}
2026-04-29 02:23:13,971 METRICS: {'training_coverage_pct': 0.0, 'risky_rule_pct': 0.0}
2026-04-29 02:23:13,983 RULE_EVALUATOR: no Python rules for 'PCI DSS' — using JSON conditions only
2026-04-29 02:23:13,983 JSON_CONDITION_EVALUATED: 12 controls
2026-04-29 02:23:13,983 EVALUATED_CONTROLS: 12
2026-04-29 02:23:13,983 SCORE_SOURCE: rule_engine
2026-04-29 02:23:13,983 RESULTS: compliant=8  partial=3  missing=1
2026-04-29 02:23:13,983 BY_SOURCE: {'json_rule_config': 12}
2026-04-29 02:23:13,983 ======================================================================
2026-04-29 02:38:26,078 ======================================================================
2026-04-29 02:38:26,078 [RUNTIME PROOF] build_framework_aware_assessment called
2026-04-29 02:38:26,078 [RUNTIME PROOF]   framework        : PCI DSS (PCI DSS)
2026-04-29 02:38:26,078 [RUNTIME PROOF]   no_controls      : True
2026-04-29 02:38:26,078 [RUNTIME PROOF]   present_types    : ['assets', 'employees', 'governance', 'network_rules', 'risk_register', 'vendors']
2026-04-29 02:38:26,078 [RUNTIME PROOF]   relevant_controls: 12
2026-04-29 02:38:26,078 [RUNTIME PROOF]   uploaded_controls: 0
2026-04-29 02:38:26,078 ======================================================================
2026-04-29 02:38:26,079 [RUNTIME PROOF] >>> ENTERING RULE ENGINE PATH
2026-04-29 02:38:26,079 [RUNTIME PROOF]   framework_id     : PCI DSS
2026-04-29 02:38:26,080 ======================================================================
2026-04-29 02:38:26,080 RULE_ENGINE_ACTIVE: PCI DSS
2026-04-29 02:38:26,080 SIGNALS: {'has_access_levels': True, 'has_applications': False, 'has_asset_classifications': False, 'has_asset_inventory': True, 'has_asset_locations': True, 'has_asset_owners': False, 'has_deny_rules': False, 'has_employee_records': True, 'has_governance_activities': True, 'has_high_risk_vendors': False, 'has_network_rules': True, 'has_risk_register': True, 'has_risk_treatments': False, 'has_some_training': False, 'has_vendor_compliance': False, 'has_vendor_records': True, 'high_training_coverage': False, 'low_risky_rules': True}
2026-04-29 02:38:26,080 METRICS: {'training_coverage_pct': 0.0, 'risky_rule_pct': 0.0}
2026-04-29 02:38:26,087 RULE_EVALUATOR: no Python rules for 'PCI DSS' — using JSON conditions only
2026-04-29 02:38:26,087 JSON_CONDITION_EVALUATED: 12 controls
2026-04-29 02:38:26,087 EVALUATED_CONTROLS: 12
2026-04-29 02:38:26,087 SCORE_SOURCE: rule_engine
2026-04-29 02:38:26,087 RESULTS: compliant=8  partial=3  missing=1
2026-04-29 02:38:26,087 BY_SOURCE: {'json_rule_config': 12}
2026-04-29 02:38:26,087 ======================================================================
2026-04-29 02:43:34,154 ======================================================================
2026-04-29 02:43:34,154 [RUNTIME PROOF] build_framework_aware_assessment called
2026-04-29 02:43:34,155 [RUNTIME PROOF]   framework        : PCI DSS (PCI DSS)
2026-04-29 02:43:34,155 [RUNTIME PROOF]   no_controls      : True
2026-04-29 02:43:34,155 [RUNTIME PROOF]   present_types    : ['assets', 'employees', 'governance', 'network_rules', 'risk_register', 'vendors']
2026-04-29 02:43:34,155 [RUNTIME PROOF]   relevant_controls: 12
2026-04-29 02:43:34,155 [RUNTIME PROOF]   uploaded_controls: 0
2026-04-29 02:43:34,155 ======================================================================
2026-04-29 02:43:34,157 [RUNTIME PROOF] >>> ENTERING RULE ENGINE PATH
2026-04-29 02:43:34,157 [RUNTIME PROOF]   framework_id     : PCI DSS
2026-04-29 02:43:34,158 ======================================================================
2026-04-29 02:43:34,158 RULE_ENGINE_ACTIVE: PCI DSS
2026-04-29 02:43:34,158 SIGNALS: {'has_access_levels': True, 'has_applications': False, 'has_asset_classifications': False, 'has_asset_inventory': True, 'has_asset_locations': True, 'has_asset_owners': False, 'has_deny_rules': False, 'has_employee_records': True, 'has_governance_activities': True, 'has_high_risk_vendors': False, 'has_network_rules': True, 'has_risk_register': True, 'has_risk_treatments': False, 'has_some_training': False, 'has_vendor_compliance': False, 'has_vendor_records': True, 'high_training_coverage': False, 'low_risky_rules': True}
2026-04-29 02:43:34,158 METRICS: {'training_coverage_pct': 0.0, 'risky_rule_pct': 0.0}
2026-04-29 02:43:34,166 RULE_EVALUATOR: no Python rules for 'PCI DSS' — using JSON conditions only
2026-04-29 02:43:34,167 JSON_CONDITION_EVALUATED: 12 controls
2026-04-29 02:43:34,167 EVALUATED_CONTROLS: 12
2026-04-29 02:43:34,167 SCORE_SOURCE: rule_engine
2026-04-29 02:43:34,167 RESULTS: compliant=8  partial=3  missing=1
2026-04-29 02:43:34,168 BY_SOURCE: {'json_rule_config': 12}
2026-04-29 02:43:34,168 ======================================================================
2026-04-29 02:56:41,153 ======================================================================
2026-04-29 02:56:41,153 [RUNTIME PROOF] build_framework_aware_assessment called
2026-04-29 02:56:41,153 [RUNTIME PROOF]   framework        : PCI DSS (PCI DSS)
2026-04-29 02:56:41,153 [RUNTIME PROOF]   no_controls      : True
2026-04-29 02:56:41,154 [RUNTIME PROOF]   present_types    : ['assets', 'employees', 'governance', 'network_rules', 'risk_register', 'vendors']
2026-04-29 02:56:41,154 [RUNTIME PROOF]   relevant_controls: 12
2026-04-29 02:56:41,154 [RUNTIME PROOF]   uploaded_controls: 0
2026-04-29 02:56:41,154 ======================================================================
2026-04-29 02:56:41,157 [RUNTIME PROOF] >>> ENTERING RULE ENGINE PATH
2026-04-29 02:56:41,157 [RUNTIME PROOF]   framework_id     : PCI DSS
2026-04-29 02:56:41,160 ======================================================================
2026-04-29 02:56:41,160 RULE_ENGINE_ACTIVE: PCI DSS
2026-04-29 02:56:41,160 SIGNALS: {'has_access_levels': True, 'has_applications': False, 'has_asset_classifications': False, 'has_asset_inventory': True, 'has_asset_locations': True, 'has_asset_owners': False, 'has_deny_rules': False, 'has_employee_records': True, 'has_governance_activities': True, 'has_high_risk_vendors': False, 'has_network_rules': True, 'has_risk_register': True, 'has_risk_treatments': False, 'has_some_training': False, 'has_vendor_compliance': False, 'has_vendor_records': True, 'high_training_coverage': False, 'low_risky_rules': True}
2026-04-29 02:56:41,160 METRICS: {'training_coverage_pct': 0.0, 'risky_rule_pct': 0.0}
2026-04-29 02:56:41,171 RULE_EVALUATOR: no Python rules for 'PCI DSS' — using JSON conditions only
2026-04-29 02:56:41,172 JSON_CONDITION_EVALUATED: 12 controls
2026-04-29 02:56:41,172 EVALUATED_CONTROLS: 12
2026-04-29 02:56:41,172 SCORE_SOURCE: rule_engine
2026-04-29 02:56:41,172 RESULTS: compliant=8  partial=3  missing=1
2026-04-29 02:56:41,172 BY_SOURCE: {'json_rule_config': 12}
2026-04-29 02:56:41,172 ======================================================================
2026-04-29 03:02:12,412 ======================================================================
2026-04-29 03:02:12,413 [RUNTIME PROOF] build_framework_aware_assessment called
2026-04-29 03:02:12,413 [RUNTIME PROOF]   framework        : PCI DSS (PCI DSS)
2026-04-29 03:02:12,413 [RUNTIME PROOF]   no_controls      : True
2026-04-29 03:02:12,413 [RUNTIME PROOF]   present_types    : ['assets', 'employees', 'governance', 'network_rules', 'risk_register', 'vendors']
2026-04-29 03:02:12,413 [RUNTIME PROOF]   relevant_controls: 12
2026-04-29 03:02:12,413 [RUNTIME PROOF]   uploaded_controls: 0
2026-04-29 03:02:12,413 ======================================================================
2026-04-29 03:02:12,415 [RUNTIME PROOF] >>> ENTERING RULE ENGINE PATH
2026-04-29 03:02:12,417 [RUNTIME PROOF]   framework_id     : PCI DSS
2026-04-29 03:02:12,419 ======================================================================
2026-04-29 03:02:12,419 RULE_ENGINE_ACTIVE: PCI DSS
2026-04-29 03:02:12,419 SIGNALS: {'has_access_levels': True, 'has_applications': False, 'has_asset_classifications': False, 'has_asset_inventory': True, 'has_asset_locations': True, 'has_asset_owners': False, 'has_deny_rules': False, 'has_employee_records': True, 'has_governance_activities': True, 'has_high_risk_vendors': False, 'has_network_rules': True, 'has_risk_register': True, 'has_risk_treatments': False, 'has_some_training': False, 'has_vendor_compliance': False, 'has_vendor_records': True, 'high_training_coverage': False, 'low_risky_rules': True}
2026-04-29 03:02:12,419 METRICS: {'training_coverage_pct': 0.0, 'risky_rule_pct': 0.0}
2026-04-29 03:02:12,433 RULE_EVALUATOR: no Python rules for 'PCI DSS' — using JSON conditions only
2026-04-29 03:02:12,433 JSON_CONDITION_EVALUATED: 12 controls
2026-04-29 03:02:12,434 EVALUATED_CONTROLS: 12
2026-04-29 03:02:12,434 SCORE_SOURCE: rule_engine
2026-04-29 03:02:12,434 RESULTS: compliant=8  partial=3  missing=1
2026-04-29 03:02:12,434 BY_SOURCE: {'json_rule_config': 12}
2026-04-29 03:02:12,434 ======================================================================
2026-04-29 03:07:57,158 ======================================================================
2026-04-29 03:07:57,159 [RUNTIME PROOF] build_framework_aware_assessment called
2026-04-29 03:07:57,159 [RUNTIME PROOF]   framework        : PCI DSS (PCI DSS)
2026-04-29 03:07:57,159 [RUNTIME PROOF]   no_controls      : True
2026-04-29 03:07:57,160 [RUNTIME PROOF]   present_types    : ['assets', 'employees', 'governance', 'network_rules', 'risk_register', 'vendors']
2026-04-29 03:07:57,160 [RUNTIME PROOF]   relevant_controls: 12
2026-04-29 03:07:57,160 [RUNTIME PROOF]   uploaded_controls: 0
2026-04-29 03:07:57,160 ======================================================================
2026-04-29 03:07:57,163 [RUNTIME PROOF] >>> ENTERING RULE ENGINE PATH
2026-04-29 03:07:57,163 [RUNTIME PROOF]   framework_id     : PCI DSS
2026-04-29 03:07:57,166 ======================================================================
2026-04-29 03:07:57,166 RULE_ENGINE_ACTIVE: PCI DSS
2026-04-29 03:07:57,166 SIGNALS: {'has_access_levels': True, 'has_applications': False, 'has_asset_classifications': False, 'has_asset_inventory': True, 'has_asset_locations': True, 'has_asset_owners': False, 'has_deny_rules': False, 'has_employee_records': True, 'has_governance_activities': True, 'has_high_risk_vendors': False, 'has_network_rules': True, 'has_risk_register': True, 'has_risk_treatments': False, 'has_some_training': False, 'has_vendor_compliance': False, 'has_vendor_records': True, 'high_training_coverage': False, 'low_risky_rules': True}
2026-04-29 03:07:57,166 METRICS: {'training_coverage_pct': 0.0, 'risky_rule_pct': 0.0}
2026-04-29 03:07:57,179 RULE_EVALUATOR: no Python rules for 'PCI DSS' — using JSON conditions only
2026-04-29 03:07:57,179 JSON_CONDITION_EVALUATED: 12 controls
2026-04-29 03:07:57,179 EVALUATED_CONTROLS: 12
2026-04-29 03:07:57,179 SCORE_SOURCE: rule_engine
2026-04-29 03:07:57,179 RESULTS: compliant=8  partial=3  missing=1
2026-04-29 03:07:57,181 BY_SOURCE: {'json_rule_config': 12}
2026-04-29 03:07:57,181 ======================================================================
